211.044067;-0.291177;-0.260516;0.628045;0.3582;0.818199
212.626801;-0.396015;-0.356497;0.684063;0.312513;0.814414
214.209625;-0.484436;-0.43594;0.710673;0.232767;0.799967
215.79245;-0.565382;-0.509423;0.71865;0.130059;0.767739
217.37532;-0.64026;-0.573607;0.713171;0.011792;0.710942
218.958221;-0.705434;-0.627084;0.697539;-0.108745;0.622048
220.541183;-0.753638;-0.664724;0.675137;-0.221198;0.500606
222.124176;-0.777245;-0.678081;0.647082;-0.315087;0.355898
223.707184;-0.768561;-0.663694;0.614424;-0.383344;0.197719
225.290237;-0.726117;-0.617392;0.575707;-0.427892;0.04336
226.873337;-0.646423;-0.533946;0.529613;-0.452481;-0.096681
228.456451;-0.533229;-0.418332;0.476975;-0.461972;-0.209913
230.039627;-0.385417;-0.272253;0.416872;-0.460102;-0.284201
231.622803;-0.207589;-0.097485;0.347524;-0.450258;-0.304936
233.206024;-0.008234;0.095762;0.275265;-0.437094;-0.264203
234.789307;0.190818;0.283787;0.208212;-0.413331;-0.148126
236.372604;0.361057;0.43686;0.162902;-0.372212;0.039703
237.955933;0.460721;0.523335;0.153835;-0.311383;0.271819
239.539276;0.471212;0.520107;0.189612;-0.232956;0.506601
241.122681;0.402206;0.437363;0.263732;-0.143937;0.698595
242.7061;0.283047;0.312297;0.357903;-0.051473;0.827642
244.289581;0.153488;0.178987;0.455529;0.031106;0.897223
245.873047;0.034854;0.058479;0.542931;0.100151;0.925709
247.456573;-0.062801;-0.039037;0.614327;0.146536;0.932561
249.040115;-0.138487;-0.113156;0.669618;0.169933;0.931399
250.623688;-0.197857;-0.171527;0.710264;0.171688;0.928758
252.207306;-0.245063;-0.217588;0.737696;0.151667;0.927755
253.790939;-0.284785;-0.255047;0.757225;0.11211;0.927155
255.374603;-0.318759;-0.28844;0.767276;0.054199;0.925072
256.958313;-0.350151;-0.316957;0.772117;-0.018357;0.918122
258.542023;-0.379872;-0.344683;0.772136;-0.104536;0.902245
260.125763;-0.407492;-0.369233;0.767945;-0.201483;0.874589
261.709534;-0.432368;-0.391111;0.760873;-0.304606;0.831464
263.293335;-0.453536;-0.41001;0.750734;-0.41116;0.770744
264.877167;-0.469392;-0.42276;0.739239;-0.514274;0.691699
266.460999;-0.478747;-0.429253;0.726348;-0.609671;0.595873
268.044891;-0.479484;-0.427847;0.712459;-0.690801;0.485929
269.628815;-0.470209;-0.417359;0.697642;-0.756255;0.366768
271.212708;-0.451894;-0.398418;0.682453;-0.802827;0.24521
272.796692;-0.424776;-0.370754;0.667713;-0.831977;0.128122
274.380676;-0.389285;-0.334933;0.651473;-0.846124;0.02185
275.964661;-0.347088;-0.29251;0.634958;-0.850157;-0.068647
277.548676;-0.298509;-0.244298;0.617196;-0.848793;-0.139396
279.132721;-0.244724;-0.190197;0.597275;-0.847301;-0.189229
280.716797;-0.186308;-0.132247;0.574693;-0.848772;-0.216112
282.300873;-0.124655;-0.070703;0.550305;-0.855767;-0.218725
283.884979;-0.060463;-0.006139;0.523924;-0.869962;-0.194865
285.469147;0.003054;0.057284;0.497079;-0.887512;-0.143224
287.053284;0.063524;0.118819;0.473404;-0.906817;-0.062925
288.637451;0.118704;0.17456;0.453966;-0.917052;0.045088
290.221649;0.164211;0.220609;0.445843;-0.909448;0.176395
291.805847;0.19587;0.252442;0.449519;-0.877934;0.320469
293.390106;0.209143;0.264179;0.467194;-0.815482;0.465379
294.974365;0.203347;0.25657;0.499779;-0.727232;0.599292
296.558624;0.180717;0.232652;0.540178;-0.623726;0.710969
298.142914;0.145148;0.192071;0.583838;-0.514872;0.797645
299.727234;0.101949;0.146948;0.630987;-0.409268;0.85955
301.311554;0.056564;0.098734;0.671724;-0.317635;0.901352
302.895905;0.011244;0.048379;0.707367;-0.238494;0.928035
304.480255;-0.033097;0.002472;0.742127;-0.173999;0.943233
306.064636;-0.073895;-0.038957;0.768467;-0.126985;0.951854
307.649017;-0.111235;-0.080298;0.789529;-0.092121;0.955491
309.233429;-0.146535;-0.115885;0.810316;-0.068972;0.955036
310.817841;-0.179115;-0.147137;0.826155;-0.058477;0.954165
312.402283;-0.208244;-0.179787;0.835668;-0.056408;0.951336
313.986725;-0.236521;-0.208298;0.847494;-0.061937;0.946385
315.571198;-0.264023;-0.233169;0.857071;-0.076025;0.940967
317.15567;-0.288548;-0.259288;0.86041;-0.096736;0.934499
318.740173;-0.312336;-0.2846;0.865264;-0.121833;0.925276
320.324646;-0.337201;-0.306341;0.871796;-0.153395;0.913681
321.90918;-0.360378;-0.328344;0.873551;-0.189505;0.900109
323.493713;-0.381309;-0.351776;0.872617;-0.227775;0.883365
325.078247;-0.403291;-0.371848;0.87573;-0.269975;0.862352
326.662781;-0.425517;-0.390365;0.877916;-0.316686;0.83777
328.247375;-0.444895;-0.410915;0.874728;-0.362886;0.808964
329.83194;-0.462481;-0.429832;0.872277;-0.409849;0.775721
331.416504;-0.481781;-0.445185;0.874079;-0.460049;0.736535
333.001099;-0.499551;-0.460075;0.873432;-0.509643;0.693359
334.585693;-0.512752;-0.474805;0.86813;-0.554828;0.644381
336.170319;-0.524804;-0.487447;0.864821;-0.59875;0.591159
337.754944;-0.536694;-0.495563;0.864731;-0.643673;0.533778
339.339539;-0.546518;-0.501831;0.86366;-0.684172;0.472631
340.924194;-0.550475;-0.507745;0.857689;-0.716483;0.407715
342.50885;-0.551964;-0.510155;0.852883;-0.745933;0.340222
344.093475;-0.553024;-0.507905;0.852072;-0.775429;0.271679
345.678131;-0.551608;-0.503446;0.850971;-0.798601;0.203601
347.262787;-0.544907;-0.497899;0.845845;-0.812196;0.137138
348.847473;-0.534869;-0.489549;0.840867;-0.821868;0.071523
350.432129;-0.523362;-0.476998;0.83864;-0.831625;0.005912
352.016785;-0.508428;-0.457996;0.83702;-0.838996;-0.061239
353.601501;-0.491063;-0.440678;0.833861;-0.838991;-0.123507
355.186188;-0.470782;-0.422426;0.828079;-0.834756;-0.178073
356.770874;-0.44882;-0.401954;0.823427;-0.830678;-0.229256
358.35556;-0.425342;-0.376423;0.821478;-0.828316;-0.277133
359.940247;-0.39994;-0.349919;0.818835;-0.82317;-0.321062
361.524963;-0.37229;-0.323515;0.813563;-0.812581;-0.361235
363.10968;-0.344174;-0.297479;0.808131;-0.801807;-0.3975
364.694366;-0.316044;-0.269041;0.803828;-0.794856;-0.42819
366.279083;-0.288311;-0.238757;0.79916;-0.790135;-0.452498
367.86377;-0.259664;-0.208788;0.794266;-0.786134;-0.471922
369.448486;-0.231236;-0.180547;0.788291;-0.782323;-0.486226
371.033203;-0.203178;-0.152456;0.781074;-0.781331;-0.494172
372.617889;-0.174148;-0.121672;0.774521;-0.7874;-0.495592
374.202606;-0.143609;-0.087254;0.767568;-0.797754;-0.491241
375.787292;-0.111136;-0.052304;0.760672;-0.812377;-0.480401
377.372009;-0.07618;-0.016372;0.752206;-0.826378;-0.464222
378.956726;-0.040995;0.020407;0.743626;-0.843242;-0.440063
380.541443;-0.005447;0.05845;0.735616;-0.861996;-0.406502
382.126129;0.030272;0.096467;0.72829;-0.883791;-0.362938
383.710815;0.065958;0.134283;0.722992;-0.903925;-0.310391
385.295532;0.099881;0.169254;0.718331;-0.92172;-0.249589
386.880219;0.132405;0.202592;0.712751;-0.934249;-0.181047
388.464905;0.161947;0.232522;0.709586;-0.942197;-0.104592
390.049591;0.186232;0.258212;0.709953;-0.944663;-0.022543
391.634247;0.206294;0.278826;0.711851;-0.939363;0.062707
393.218933;0.220387;0.292112;0.71628;-0.926813;0.149406
394.803619;0.228124;0.297141;0.721787;-0.904861;0.238149
396.388245;0.229345;0.295485;0.728586;-0.874442;0.325889
397.972931;0.223536;0.288458;0.736783;-0.836766;0.408924
399.557556;0.212104;0.276117;0.74761;-0.795921;0.48566
401.142212;0.196805;0.258273;0.761928;-0.751079;0.554264
402.726868;0.176329;0.234;0.775903;-0.702774;0.616507
404.311462;0.152611;0.206159;0.788551;-0.65315;0.672398
405.896088;0.127186;0.176681;0.799058;-0.604271;0.723547
407.480713;0.099553;0.146363;0.810139;-0.556097;0.767453
409.065308;0.070856;0.116215;0.82172;-0.509772;0.802948
410.649902;0.041836;0.085748;0.834883;-0.467269;0.831363
412.234467;0.013344;0.054826;0.848007;-0.42976;0.853797
413.819092;-0.015307;0.023142;0.857812;-0.394648;0.87131
415.403625;-0.043183;-0.008267;0.86607;-0.362229;0.886376
416.98819;-0.070432;-0.03715;0.871659;-0.332938;0.899901
418.572754;-0.096737;-0.065386;0.878494;-0.306564;0.911476
420.157288;-0.122412;-0.091394;0.886091;-0.285419;0.918625
421.741791;-0.147312;-0.116275;0.894538;-0.266853;0.921693
423.326263;-0.171836;-0.142138;0.901872;-0.251091;0.921404
424.910797;-0.195009;-0.167637;0.907336;-0.239555;0.920975
426.49527;-0.216922;-0.19212;0.910494;-0.229692;0.920661
428.079742;-0.23774;-0.21487;0.913093;-0.221722;0.920468
429.664154;-0.258115;-0.236143;0.916295;-0.215863;0.920133
431.248627;-0.277886;-0.255233;0.919695;-0.212426;0.917908
432.833069;-0.298097;-0.274445;0.924538;-0.211848;0.913301
434.41748;-0.318191;-0.294358;0.930074;-0.213006;0.907087
436.001862;-0.337147;-0.314042;0.933135;-0.216179;0.900119
437.586243;-0.355172;-0.333688;0.935126;-0.221109;0.893218
439.170593;-0.371466;-0.352131;0.934796;-0.224734;0.885409
440.754944;-0.387579;-0.368825;0.93523;-0.23093;0.879426
442.339264;-0.40422;-0.385172;0.935996;-0.239322;0.872595
443.923584;-0.421172;-0.401073;0.938552;-0.24928;0.863555
445.507874;-0.438226;-0.416776;0.941578;-0.259087;0.85255
447.092133;-0.455284;-0.432876;0.944858;-0.271112;0.840536
448.676422;-0.471599;-0.449516;0.946266;-0.284012;0.826938
450.260651;-0.486411;-0.465739;0.946014;-0.295411;0.814098
451.844879;-0.499474;-0.479881;0.945172;-0.307465;0.800864
453.429047;-0.513533;-0.494563;0.945115;-0.319942;0.787419
455.013245;-0.52708;-0.508278;0.944607;-0.334256;0.773815
456.597412;-0.541883;-0.521306;0.945401;-0.349631;0.758839
458.181549;-0.556318;-0.53441;0.947073;-0.364476;0.742282
459.765686;-0.570429;-0.547245;0.948601;-0.380008;0.723787
461.349762;-0.584632;-0.560751;0.950129;-0.396217;0.704932
462.933838;-0.597401;-0.574264;0.9501;-0.410889;0.684817
464.517883;-0.60873;-0.586281;0.949109;-0.425424;0.664236
466.101898;-0.62009;-0.598699;0.947723;-0.439448;0.643572
467.685944;-0.630695;-0.609309;0.946809;-0.453712;0.622861
469.269928;-0.64115;-0.619306;0.946774;-0.46632;0.602794
470.853851;-0.651942;-0.629166;0.947207;-0.480706;0.580856
472.437805;-0.66343;-0.638621;0.948224;-0.496537;0.556116
474.021729;-0.674232;-0.648214;0.949303;-0.509937;0.531581
475.605621;-0.683742;-0.657297;0.95019;-0.523487;0.506677
477.189453;-0.69316;-0.666606;0.949439;-0.535889;0.47866
478.773285;-0.701476;-0.67591;0.949022;-0.548908;0.450907
480.357086;-0.708578;-0.684462;0.947151;-0.559635;0.42267
481.940857;-0.715252;-0.690839;0.946398;-0.570653;0.396041
483.524658;-0.720967;-0.696521;0.945075;-0.578692;0.368829
485.108337;-0.727221;-0.702039;0.945196;-0.588172;0.341083
486.692078;-0.733519;-0.706498;0.945672;-0.598309;0.312849
488.275726;-0.738985;-0.710994;0.946214;-0.607615;0.282854
489.859375;-0.744232;-0.715427;0.946812;-0.615164;0.252449
491.443024;-0.748416;-0.718923;0.946735;-0.622291;0.221947
493.02655;-0.752224;-0.722733;0.946761;-0.627526;0.193163
494.610168;-0.754143;-0.725354;0.945375;-0.631821;0.164391
496.193665;-0.754957;-0.726558;0.943892;-0.635499;0.134374
497.777161;-0.756208;-0.728425;0.943095;-0.638419;0.104242
499.360657;-0.756157;-0.728279;0.941856;-0.641589;0.07452
500.944031;-0.756153;-0.727726;0.940945;-0.643307;0.04477
502.527435;-0.756645;-0.726486;0.941383;-0.645603;0.015322
504.11084;-0.756226;-0.724833;0.941384;-0.646746;-0.013726
505.694183;-0.75597;-0.722892;0.942262;-0.647392;-0.042127
507.277496;-0.754182;-0.720379;0.941973;-0.646887;-0.070899
508.860748;-0.75231;-0.718309;0.942166;-0.646502;-0.098644
510.444;-0.748782;-0.715894;0.941122;-0.643969;-0.125768
512.027222;-0.744649;-0.712021;0.939783;-0.641364;-0.152748
513.610352;-0.740072;-0.70785;0.93887;-0.638489;-0.179037
515.193481;-0.735186;-0.703697;0.937469;-0.634709;-0.204889
516.776611;-0.730297;-0.698443;0.937087;-0.631582;-0.230842
518.35968;-0.724446;-0.692146;0.93598;-0.628314;-0.25594
519.942688;-0.719467;-0.685675;0.935822;-0.624915;-0.281084
521.525696;-0.713394;-0.678306;0.935625;-0.620325;-0.304904
523.108643;-0.707274;-0.670734;0.934966;-0.615995;-0.327923
524.691528;-0.700869;-0.663743;0.935141;-0.611934;-0.350322
526.274475;-0.693329;-0.656442;0.934767;-0.606855;-0.372083
527.8573;-0.685985;-0.649091;0.935178;-0.600944;-0.392529
529.440063;-0.67765;-0.641574;0.934363;-0.596418;-0.413034
531.022827;-0.668906;-0.633147;0.933579;-0.590223;-0.43243
532.605591;-0.659785;-0.624795;0.932755;-0.58602;-0.451628
534.188293;-0.650506;-0.615268;0.931568;-0.579889;-0.470505
535.770935;-0.641336;-0.605851;0.9308;-0.576848;-0.488739
537.353577;-0.631464;-0.595266;0.929383;-0.572754;-0.506521
538.936157;-0.62195;-0.583908;0.928297;-0.56685;-0.524496
540.518677;-0.612011;-0.573354;0.92824;-0.564042;-0.540601
542.101135;-0.601742;-0.561885;0.927393;-0.558556;-0.555932
543.683594;-0.591452;-0.5509;0.927643;-0.555508;-0.570952
545.265991;-0.580535;-0.539326;0.926882;-0.550511;-0.58519
546.848328;-0.569284;-0.528433;0.927092;-0.54643;-0.598871
548.430664;-0.558018;-0.517544;0.926291;-0.543526;-0.611775
550.012939;-0.546242;-0.506801;0.925722;-0.541149;-0.623779
551.595215;-0.533638;-0.494582;0.924936;-0.53852;-0.635974
553.177368;-0.52155;-0.482236;0.923535;-0.536225;-0.647072
554.759521;-0.508642;-0.469404;0.921472;-0.534416;-0.658496
556.341675;-0.49615;-0.455908;0.920171;-0.53303;-0.669243
557.923706;-0.482772;-0.441324;0.918806;-0.533544;-0.679637
559.505737;-0.469914;-0.426858;0.917626;-0.53164;-0.689498
561.087646;-0.456174;-0.41243;0.916674;-0.533749;-0.697712
562.669556;-0.44227;-0.39698;0.915814;-0.532993;-0.706669
564.251465;-0.428176;-0.3819;0.914455;-0.534523;-0.713741
565.833252;-0.413577;-0.367193;0.91415;-0.536009;-0.720885
567.415039;-0.398869;-0.35199;0.913549;-0.537074;-0.727263
568.996765;-0.383545;-0.337065;0.913158;-0.540665;-0.732436
570.578491;-0.367734;-0.321096;0.911743;-0.543092;-0.737602
572.160095;-0.351594;-0.305422;0.910739;-0.545197;-0.741664
573.741699;-0.335384;-0.289984;0.910376;-0.550106;-0.745901
575.323242;-0.318114;-0.272122;0.908485;-0.556536;-0.748862
576.904663;-0.301538;-0.254323;0.906916;-0.56023;-0.752211
578.486145;-0.284285;-0.236853;0.905024;-0.566807;-0.754148
580.067505;-0.266282;-0.217394;0.902969;-0.574197;-0.754755
581.648865;-0.248422;-0.197919;0.902098;-0.582076;-0.755451
583.230103;-0.229846;-0.178448;0.900024;-0.590307;-0.754494
584.811401;-0.212189;-0.159881;0.899133;-0.59772;-0.752691
586.392578;-0.193396;-0.139711;0.897286;-0.605119;-0.749501
587.973694;-0.17416;-0.120854;0.89724;-0.614972;-0.745737
589.55481;-0.155555;-0.102194;0.895896;-0.625404;-0.73963
591.135803;-0.135649;-0.082329;0.895365;-0.635208;-0.734159
592.716736;-0.115705;-0.06295;0.894115;-0.645179;-0.726668
594.297668;-0.095798;-0.044927;0.8942;-0.654644;-0.719512
595.87854;-0.075597;-0.023984;0.892058;-0.665004;-0.711367
597.459351;-0.055381;-0.002631;0.889595;-0.677454;-0.702494
599.0401;-0.036761;0.018477;0.886896;-0.687684;-0.694017
600.620789;-0.016463;0.0391;0.885606;-0.701244;-0.682933
602.201416;0.004233;0.060835;0.884371;-0.713672;-0.66986
603.781982;0.024442;0.081691;0.883065;-0.725675;-0.656173
605.362549;0.044065;0.103332;0.880987;-0.73561;-0.639284
606.942993;0.064739;0.125637;0.879505;-0.748683;-0.622549
608.523438;0.085346;0.147308;0.876809;-0.760716;-0.603106
610.10376;0.107081;0.169447;0.876057;-0.774304;-0.582383
611.684082;0.127738;0.190342;0.875021;-0.786026;-0.559313
613.264282;0.14942;0.212871;0.873767;-0.79705;-0.534447
614.844482;0.170494;0.23332;0.874553;-0.809131;-0.50798
616.424622;0.191015;0.253445;0.874202;-0.823024;-0.480151
618.0047;0.210662;0.272396;0.87405;-0.833901;-0.450815
619.584656;0.229709;0.290818;0.874542;-0.844146;-0.420159
621.164612;0.24794;0.309117;0.873073;-0.854221;-0.387429
622.744507;0.265765;0.326132;0.873145;-0.863187;-0.354047
624.324341;0.281324;0.341242;0.872118;-0.869402;-0.31929
625.904053;0.296312;0.3568;0.872197;-0.876474;-0.283368
627.483765;0.31095;0.370824;0.872322;-0.88099;-0.2455
629.063354;0.323641;0.383929;0.872232;-0.885549;-0.207306
630.642944;0.335187;0.395512;0.872033;-0.888292;-0.168036
632.222473;0.345007;0.405343;0.872817;-0.890574;-0.128276
633.80188;0.354883;0.41302;0.874803;-0.891296;-0.087882
635.381287;0.361492;0.420017;0.874614;-0.890474;-0.046822
636.960571;0.36776;0.426628;0.875064;-0.88799;-0.005269
638.539856;0.372446;0.4303;0.876898;-0.884928;0.036353
640.119019;0.375326;0.432945;0.877403;-0.880991;0.077441
641.69812;0.37705;0.43355;0.878646;-0.874776;0.118554
643.277222;0.376607;0.432434;0.880401;-0.867806;0.159681
644.856201;0.376532;0.430096;0.882858;-0.860347;0.199758
646.43512;0.374795;0.426402;0.885204;-0.85244;0.239892
648.013977;0.372772;0.42213;0.889055;-0.842548;0.278561
649.592773;0.367515;0.414974;0.891326;-0.830788;0.316041
651.171509;0.360637;0.407906;0.892384;-0.819822;0.353234
652.750122;0.353213;0.399664;0.894172;-0.80752;0.389069
654.328735;0.344934;0.389443;0.896914;-0.793386;0.424843
655.907227;0.33519;0.379062;0.899015;-0.779714;0.459161
657.485718;0.324751;0.367468;0.900536;-0.764886;0.491475
659.064087;0.314338;0.355518;0.903832;-0.749298;0.523008
660.642395;0.30155;0.344025;0.90511;-0.732474;0.552366
662.220581;0.288594;0.329974;0.907365;-0.716897;0.580792
663.798767;0.275368;0.315663;0.910017;-0.702292;0.60873
665.376831;0.261928;0.30125;0.912876;-0.683878;0.634114
666.954895;0.247584;0.286754;0.914668;-0.668585;0.657908
668.532837;0.233444;0.270952;0.916679;-0.651047;0.680032
670.110718;0.218286;0.254954;0.918646;-0.634254;0.701438
671.688477;0.20342;0.23875;0.921975;-0.62061;0.722864
673.266235;0.189296;0.2223;0.925132;-0.604286;0.740894
674.843872;0.172639;0.205535;0.925712;-0.587837;0.758369
676.421509;0.157697;0.188579;0.927854;-0.571039;0.775503
677.998962;0.141431;0.171681;0.929398;-0.556524;0.790484
679.576416;0.126483;0.155059;0.931844;-0.541989;0.804572
681.153748;0.110708;0.139389;0.933399;-0.527245;0.817882
682.731079;0.095016;0.121843;0.935424;-0.511724;0.830128
684.308228;0.080358;0.106453;0.936808;-0.497311;0.840929
685.885376;0.065883;0.091234;0.93934;-0.481604;0.851451
687.462463;0.050379;0.074784;0.940525;-0.466604;0.860008
689.039429;0.035328;0.059104;0.942023;-0.45653;0.869193
690.616333;0.020503;0.044246;0.943353;-0.444599;0.87701
692.193176;0.006182;0.029778;0.944949;-0.431066;0.88362
693.769897;-0.008947;0.01443;0.946233;-0.419717;0.89023
695.346558;-0.023104;-0.000952;0.948056;-0.407769;0.895877
696.923157;-0.037649;-0.015959;0.950037;-0.39841;0.901999
698.499634;-0.051078;-0.030012;0.951888;-0.389938;0.907013
700.07605;-0.065092;-0.044727;0.954677;-0.3782;0.911755
701.652466;-0.07824;-0.059208;0.95631;-0.369654;0.914172
703.228699;-0.091858;-0.072198;0.956542;-0.35887;0.916962
704.804871;-0.105059;-0.085818;0.956992;-0.349064;0.919577
706.380981;-0.117681;-0.099079;0.958034;-0.338715;0.921079
707.957031;-0.129422;-0.111817;0.958956;-0.332935;0.924582
709.532959;-0.141963;-0.124943;0.960916;-0.325718;0.926908
711.108826;-0.153347;-0.137211;0.961782;-0.318459;0.926759
712.684631;-0.16421;-0.149449;0.963975;-0.312316;0.927854
714.260315;-0.175955;-0.161337;0.963254;-0.30576;0.927898
715.835938;-0.186643;-0.172547;0.964039;-0.298989;0.927887
717.411438;-0.197289;-0.184736;0.966488;-0.292499;0.927735
718.986938;-0.209003;-0.19569;0.965641;-0.286516;0.928997
720.562256;-0.219578;-0.206242;0.965848;-0.28141;0.9278
722.137512;-0.22963;-0.217255;0.967491;-0.2745;0.92721
723.712708;-0.239957;-0.227171;0.966968;-0.267611;0.925469
725.287781;-0.249839;-0.237681;0.968336;-0.264918;0.9246
726.862854;-0.260141;-0.24842;0.969302;-0.26318;0.923537
728.437744;-0.270377;-0.258248;0.970059;-0.257449;0.921642
730.012573;-0.279214;-0.267279;0.970597;-0.254986;0.921477
731.587341;-0.289237;-0.277275;0.97122;-0.252694;0.919553
733.161987;-0.297617;-0.285896;0.972677;-0.247607;0.917305
734.736633;-0.305975;-0.294966;0.973633;-0.246049;0.915611
736.311096;-0.315028;-0.303926;0.973969;-0.245858;0.91342
737.885498;-0.324908;-0.312581;0.973995;-0.242068;0.911342
739.459839;-0.333109;-0.322415;0.975633;-0.238976;0.909433
741.034058;-0.341575;-0.330083;0.975693;-0.237313;0.906858
742.608154;-0.349348;-0.338813;0.977191;-0.233928;0.90428
744.182251;-0.357158;-0.347475;0.977837;-0.236786;0.901992
745.756165;-0.365737;-0.355421;0.976556;-0.232455;0.897917
747.330017;-0.373547;-0.363813;0.977563;-0.231241;0.895654
748.903809;-0.380703;-0.371329;0.977239;-0.229038;0.892733
750.477417;-0.388366;-0.379314;0.978398;-0.230683;0.889961
752.051025;-0.395753;-0.38705;0.977957;-0.231951;0.887587
753.624573;-0.402792;-0.39465;0.979235;-0.232811;0.885055
755.197937;-0.409569;-0.401533;0.978897;-0.229646;0.88162
756.77124;-0.416974;-0.409374;0.97906;-0.231217;0.876856
758.344421;-0.423555;-0.415893;0.978424;-0.230316;0.873482
759.917603;-0.430847;-0.423969;0.979657;-0.235281;0.872731
761.490601;-0.437883;-0.43061;0.98022;-0.235236;0.8688
763.063538;-0.444349;-0.437467;0.980355;-0.234401;0.865261
764.636353;-0.449658;-0.442511;0.979751;-0.22985;0.860964
766.209106;-0.454938;-0.447453;0.979838;-0.233099;0.858458
767.781738;-0.461754;-0.453056;0.979797;-0.235936;0.855743
769.354248;-0.467804;-0.459895;0.98047;-0.232863;0.851398
770.926697;-0.473604;-0.466194;0.981227;-0.23629;0.847258
772.499084;-0.479519;-0.471549;0.980672;-0.242169;0.844404
774.071289;-0.486241;-0.477591;0.980844;-0.241401;0.840311
775.643433;-0.492707;-0.484269;0.982018;-0.243368;0.837694
777.215515;-0.499472;-0.490436;0.981865;-0.243648;0.833306
778.787476;-0.504768;-0.496355;0.98274;-0.247019;0.828681
780.359314;-0.511468;-0.504067;0.984002;-0.246145;0.823595
781.931091;-0.517456;-0.51004;0.984498;-0.246787;0.819317
783.502747;-0.522751;-0.516161;0.984957;-0.25132;0.814511
785.074341;-0.529154;-0.521651;0.984917;-0.252838;0.811985
786.645752;-0.534437;-0.526933;0.984415;-0.257298;0.807298
788.217102;-0.540119;-0.532879;0.984506;-0.255275;0.802978
789.788391;-0.544909;-0.537643;0.984276;-0.261013;0.799948
791.359497;-0.55051;-0.542677;0.984194;-0.263832;0.795305
792.930542;-0.555856;-0.547804;0.983597;-0.266125;0.791487
794.501526;-0.561175;-0.554098;0.983737;-0.267545;0.784801
796.072388;-0.565748;-0.560251;0.985375;-0.267182;0.781547
797.643066;-0.570793;-0.564595;0.984986;-0.272783;0.777761
799.213745;-0.575748;-0.56987;0.985689;-0.273279;0.77402
800.784241;-0.580967;-0.574474;0.984771;-0.278493;0.768215
802.354675;-0.585932;-0.579463;0.984246;-0.27874;0.762994
803.924988;-0.591072;-0.585193;0.985028;-0.280493;0.758249
805.495239;-0.595584;-0.590017;0.985594;-0.281602;0.753043
807.065308;-0.60118;-0.595286;0.984742;-0.287892;0.748234
808.635315;-0.605341;-0.599629;0.984878;-0.290703;0.743354
810.2052;-0.610484;-0.604047;0.985794;-0.2935;0.739621
811.775024;-0.614793;-0.608259;0.985378;-0.297487;0.734375
813.344666;-0.619586;-0.612989;0.985181;-0.298492;0.728496
814.914246;-0.624377;-0.617388;0.984941;-0.303368;0.724576
816.483765;-0.629014;-0.62161;0.984499;-0.308644;0.719686
818.053101;-0.633885;-0.626254;0.985741;-0.311881;0.714309
819.622375;-0.638932;-0.632043;0.986696;-0.309813;0.70732
821.191528;-0.64229;-0.63569;0.986427;-0.312493;0.703683
822.760437;-0.644955;-0.639275;0.987785;-0.314989;0.700715
824.329407;-0.647248;-0.641228;0.987797;-0.317238;0.697349
825.898254;-0.651724;-0.645464;0.988264;-0.320221;0.692378
827.466919;-0.655856;-0.649188;0.987951;-0.325229;0.687073
829.035522;-0.658993;-0.65295;0.9883;-0.32542;0.681289
830.604004;-0.662975;-0.65593;0.98822;-0.328819;0.675749
832.172363;-0.668692;-0.662264;0.988244;-0.335812;0.667991
833.740601;-0.672666;-0.667036;0.987819;-0.334813;0.661511
835.308716;-0.675379;-0.669771;0.987688;-0.336725;0.657142
836.87677;-0.678786;-0.673296;0.987778;-0.338878;0.650976
838.444641;-0.68364;-0.677455;0.987481;-0.344427;0.64385
840.012512;-0.688141;-0.683095;0.988873;-0.351032;0.638722
841.5802;-0.690642;-0.685666;0.988116;-0.35293;0.633379
843.147766;-0.694044;-0.688533;0.987535;-0.353591;0.627604
844.715149;-0.698393;-0.690628;0.985763;-0.361471;0.62133
846.282532;-0.702176;-0.697274;0.989163;-0.362545;0.614384
847.849731;-0.70507;-0.702728;0.988821;-0.360164;0.607113
849.416809;-0.709598;-0.705633;0.986729;-0.366294;0.598678
850.983765;-0.713818;-0.709168;0.98699;-0.370565;0.593287
852.550659;-0.715997;-0.710695;0.984378;-0.376569;0.586802
854.117493;-0.719486;-0.715616;0.984819;-0.380419;0.578918
855.684082;-0.722608;-0.718967;0.984357;-0.383216;0.572854
857.25061;-0.725726;-0.72135;0.985055;-0.385598;0.567273
858.817017;-0.730003;-0.724502;0.984377;-0.389325;0.560437
860.383301;-0.733786;-0.72818;0.985422;-0.394862;0.55435
861.949402;-0.737069;-0.732278;0.986424;-0.393405;0.548508
863.515503;-0.740709;-0.73496;0.985717;-0.398891;0.54073
865.081421;-0.743424;-0.737256;0.985825;-0.400505;0.534304
866.647156;-0.746277;-0.739599;0.986844;-0.403455;0.529523
868.212891;-0.749075;-0.743086;0.986942;-0.405967;0.523526
869.778442;-0.752086;-0.74597;0.988523;-0.4111;0.51815
871.343872;-0.755429;-0.748922;0.987854;-0.411971;0.512169
872.90918;-0.7578;-0.750289;0.987497;-0.419083;0.50648
874.474426;-0.760847;-0.753198;0.987922;-0.421669;0.499099
876.039429;-0.763905;-0.756216;0.987982;-0.422445;0.491702
877.60437;-0.766819;-0.759587;0.98812;-0.42366;0.484397
879.16925;-0.768789;-0.762318;0.98767;-0.426191;0.479566
880.733887;-0.771109;-0.764721;0.988423;-0.428879;0.475616
882.298523;-0.77254;-0.765639;0.989005;-0.43084;0.472227
883.862976;-0.774434;-0.76745;0.989419;-0.431929;0.467182
885.427246;-0.77685;-0.769636;0.989878;-0.434783;0.461233
886.991516;-0.779097;-0.771551;0.988881;-0.437284;0.452927
888.555542;-0.782069;-0.775398;0.988702;-0.440291;0.4449
890.119507;-0.784042;-0.777519;0.988376;-0.442623;0.436539
891.683289;-0.787126;-0.780919;0.988603;-0.445184;0.428303
893.246948;-0.789724;-0.783586;0.988786;-0.448035;0.421016
894.810547;-0.791757;-0.78531;0.988656;-0.450531;0.415639
896.374023;-0.79284;-0.78644;0.988135;-0.451793;0.410362
897.937317;-0.794751;-0.788436;0.988261;-0.453984;0.404133
899.500488;-0.796902;-0.790158;0.987297;-0.456703;0.395612
901.063599;-0.799678;-0.793948;0.987999;-0.458759;0.386691
902.626465;-0.801721;-0.795609;0.98735;-0.462185;0.379232
904.18927;-0.802846;-0.797048;0.987411;-0.463236;0.37404
905.751953;-0.804027;-0.797916;0.987052;-0.465177;0.369996
907.314453;-0.805368;-0.799106;0.986929;-0.466504;0.363879
908.876831;-0.807474;-0.801903;0.988101;-0.468876;0.355353
910.439148;-0.810258;-0.803507;0.9871;-0.473012;0.346274
912.001282;-0.811992;-0.80588;0.987297;-0.474678;0.33696
913.563293;-0.814025;-0.807316;0.986409;-0.476764;0.329803
915.125183;-0.815672;-0.809262;0.987653;-0.478669;0.324701
916.68689;-0.816578;-0.810102;0.987279;-0.479437;0.3207
918.248535;-0.817842;-0.81056;0.986871;-0.48164;0.315978
919.810059;-0.818815;-0.812027;0.987005;-0.482539;0.309415
921.371399;-0.82013;-0.814193;0.988096;-0.483907;0.301664
922.932495;-0.821849;-0.81423;0.985871;-0.484853;0.294846
924.493652;-0.822239;-0.815792;0.986722;-0.487493;0.287398
926.054565;-0.82366;-0.816959;0.986911;-0.491063;0.281147
927.615356;-0.825213;-0.816984;0.985711;-0.490335;0.273937
929.176086;-0.826265;-0.818319;0.985928;-0.491695;0.266349
930.736511;-0.827837;-0.818689;0.985559;-0.494454;0.259064
932.296997;-0.829264;-0.820693;0.985599;-0.494196;0.251795
933.857239;-0.830733;-0.822055;0.985911;-0.496995;0.243483
935.417358;-0.832286;-0.824734;0.986859;-0.497442;0.235714
936.977356;-0.833246;-0.823843;0.985158;-0.500226;0.228842
938.537231;-0.834654;-0.826137;0.986684;-0.500584;0.222714
940.096863;-0.835951;-0.827445;0.987249;-0.501594;0.216115
941.656433;-0.836541;-0.827273;0.986471;-0.504603;0.209035
943.21582;-0.837446;-0.827096;0.985669;-0.505866;0.201331
944.775208;-0.83823;-0.828737;0.987056;-0.507275;0.193692
946.33429;-0.839042;-0.831684;0.987013;-0.506589;0.185643
947.89325;-0.840276;-0.831987;0.987282;-0.509958;0.178438
949.452148;-0.840526;-0.832069;0.986292;-0.510281;0.171489
951.010864;-0.841765;-0.832711;0.986439;-0.510401;0.164477
952.569458;-0.842576;-0.832978;0.986057;-0.513191;0.157829
954.12793;-0.843241;-0.834429;0.987202;-0.513756;0.150872
955.686218;-0.843138;-0.835579;0.986922;-0.513491;0.143134
957.244324;-0.843796;-0.837785;0.986732;-0.513333;0.135091
958.802368;-0.842671;-0.838041;0.985146;-0.514118;0.126976
960.360229;-0.843053;-0.839572;0.985712;-0.517015;0.119213
961.917969;-0.843003;-0.839928;0.985643;-0.515635;0.110967
963.475586;-0.843984;-0.839874;0.984263;-0.517008;0.103226
965.03302;-0.844912;-0.840066;0.985352;-0.518306;0.09521
966.59021;-0.844506;-0.840852;0.98487;-0.519669;0.087644
968.147339;-0.845261;-0.839348;0.984522;-0.519214;0.081145
969.704407;-0.846621;-0.841252;0.985546;-0.519232;0.07429
971.26123;-0.846769;-0.839481;0.984918;-0.519064;0.067408
972.817993;-0.847595;-0.840363;0.985561;-0.520835;0.06032
974.374512;-0.847478;-0.839233;0.984485;-0.522313;0.052847
975.930969;-0.848742;-0.840233;0.985294;-0.522015;0.045508
977.487183;-0.848625;-0.839791;0.984917;-0.523233;0.040322
979.043335;-0.848982;-0.841358;0.986182;-0.523174;0.036597
980.599304;-0.849074;-0.841424;0.98551;-0.523373;0.033237
982.15509;-0.84897;-0.841066;0.985085;-0.523593;0.028702
983.710754;-0.848591;-0.840679;0.986356;-0.524259;0.02217
985.266296;-0.848849;-0.839508;0.985122;-0.523706;0.014175
986.821655;-0.848253;-0.839265;0.984673;-0.524401;0.005581
988.376831;-0.848296;-0.83941;0.984659;-0.524163;-0.002874
989.931946;-0.848523;-0.839866;0.98572;-0.524324;-0.009349
991.486816;-0.848601;-0.839439;0.985492;-0.524099;-0.013879
993.041626;-0.848426;-0.840555;0.986064;-0.525031;-0.017265
994.596191;-0.848249;-0.839256;0.985685;-0.524178;-0.021314
996.150696;-0.848486;-0.839409;0.985605;-0.524826;-0.02498
997.704956;-0.848192;-0.838381;0.985071;-0.523982;-0.029024
999.259155;-0.847297;-0.839519;0.98507;-0.523939;-0.032034
1012.729004;-0.844648;-0.836413;0.987771;-0.522892;-0.110276
1016.098999;-0.844351;-0.83421;0.987888;-0.521476;-0.126104
1019.469604;-0.839998;-0.834724;0.988068;-0.51891;-0.139074
1022.840637;-0.837704;-0.827196;0.98467;-0.519579;-0.153642
1026.212158;-0.836295;-0.826977;0.985793;-0.517534;-0.166227
1029.584351;-0.833624;-0.824928;0.984138;-0.51495;-0.1798
1032.956909;-0.834193;-0.826821;0.988983;-0.514222;-0.191601
1036.330078;-0.833515;-0.82342;0.988543;-0.515865;-0.205519
1039.703857;-0.827082;-0.818448;0.984226;-0.50948;-0.216135
1043.077881;-0.82672;-0.817975;0.985816;-0.50947;-0.229592
1046.452637;-0.826124;-0.81656;0.986494;-0.508895;-0.241213
1049.827881;-0.821837;-0.8119;0.984281;-0.505938;-0.252053
1053.203613;-0.821663;-0.813843;0.987718;-0.505032;-0.262904
1056.579956;-0.816594;-0.806376;0.984332;-0.502044;-0.275068
1059.956787;-0.81306;-0.804223;0.984019;-0.497887;-0.28657
1063.334106;-0.811055;-0.800698;0.984054;-0.496927;-0.299007
1066.711914;-0.808785;-0.800475;0.985394;-0.496861;-0.309557
1070.09021;-0.805544;-0.794402;0.984408;-0.493771;-0.321374
1073.469116;-0.804003;-0.794378;0.986719;-0.491831;-0.332058
1076.848511;-0.799244;-0.788329;0.983956;-0.489358;-0.34335
1080.228394;-0.79743;-0.788049;0.986896;-0.487314;-0.354019
1083.608887;-0.793873;-0.783465;0.984588;-0.484681;-0.360975
1086.989868;-0.791122;-0.780327;0.985791;-0.483361;-0.372547
1090.371338;-0.78747;-0.776126;0.984499;-0.481334;-0.383411
1093.753418;-0.784736;-0.774766;0.98656;-0.478484;-0.393325
1097.135986;-0.778344;-0.767163;0.982514;-0.472986;-0.40333
1100.518921;-0.777069;-0.767005;0.986628;-0.474339;-0.415308
1103.902588;-0.771643;-0.760438;0.983775;-0.471518;-0.424155
1107.286621;-0.769874;-0.760745;0.987129;-0.467766;-0.432408
1110.671265;-0.765252;-0.754601;0.984256;-0.465384;-0.440305
1114.056396;-0.762908;-0.75283;0.986353;-0.462339;-0.450077
1117.442139;-0.756414;-0.744954;0.982362;-0.460153;-0.458169
1120.828369;-0.754601;-0.744868;0.986551;-0.458697;-0.468879
1124.215088;-0.74799;-0.73607;0.982152;-0.453184;-0.477533
1127.602295;-0.746128;-0.73545;0.985619;-0.452272;-0.487014
1130.98999;-0.739503;-0.728016;0.98089;-0.446776;-0.493952
1134.378296;-0.738698;-0.728723;0.986402;-0.45086;-0.503287
1137.76709;-0.732714;-0.720997;0.982781;-0.444662;-0.511173
1141.156494;-0.729041;-0.717609;0.983992;-0.442949;-0.519033
1144.546265;-0.724611;-0.712512;0.983301;-0.439247;-0.527275
1147.936646;-0.72172;-0.711472;0.985906;-0.436164;-0.535203
1151.327515;-0.715572;-0.703748;0.98207;-0.436658;-0.54268
1154.718994;-0.713249;-0.702871;0.985899;-0.433897;-0.551669
1158.11084;-0.708409;-0.697545;0.984895;-0.433206;-0.559382
1161.503296;-0.701604;-0.690231;0.982026;-0.428454;-0.563463
1164.89624;-0.699676;-0.688043;0.984741;-0.430138;-0.572939
1168.289795;-0.693919;-0.682938;0.98431;-0.425949;-0.580147
1171.683838;-0.689503;-0.678183;0.982905;-0.425709;-0.586021
1175.078369;-0.686132;-0.67332;0.982996;-0.422605;-0.59142
1178.473389;-0.681621;-0.669109;0.983015;-0.420997;-0.598157
1181.869019;-0.676717;-0.663931;0.982754;-0.414934;-0.604665
1185.265259;-0.671961;-0.659774;0.982794;-0.414141;-0.612085
1188.661865;-0.667696;-0.654684;0.983186;-0.40988;-0.618166
1192.05896;-0.66375;-0.650348;0.983485;-0.412466;-0.626031
1195.456787;-0.658127;-0.645659;0.983451;-0.409946;-0.631063
1198.854858;-0.652607;-0.638579;0.979449;-0.407982;-0.63567
1202.253662;-0.649113;-0.63459;0.982485;-0.409263;-0.64427
1205.652954;-0.642816;-0.63;0.981874;-0.404443;-0.646782
1209.052734;-0.639223;-0.625583;0.982756;-0.400605;-0.656626
1212.453003;-0.632017;-0.619383;0.979861;-0.406833;-0.658527
1215.85376;-0.63095;-0.618844;0.986322;-0.405684;-0.667953
1219.255127;-0.62172;-0.606337;0.976903;-0.402505;-0.665971
1222.656982;-0.62053;-0.608898;0.984575;-0.407478;-0.678592
1226.059448;-0.61261;-0.597492;0.977849;-0.395551;-0.679609
1229.462402;-0.611069;-0.599414;0.986256;-0.391972;-0.689398
1232.865845;-0.603105;-0.589644;0.978248;-0.386249;-0.688569
1236.269775;-0.598858;-0.586651;0.983714;-0.390734;-0.699583
1239.674316;-0.59236;-0.578143;0.977853;-0.391607;-0.700562
1243.079346;-0.590124;-0.575088;0.981377;-0.393415;-0.708407
1246.484863;-0.582749;-0.568684;0.980502;-0.391641;-0.711538
1249.890869;-0.57871;-0.564567;0.981052;-0.396805;-0.715901
1253.297607;-0.572284;-0.557366;0.978754;-0.383414;-0.721405
1256.704712;-0.56681;-0.552453;0.979387;-0.38947;-0.726167
1260.112305;-0.561678;-0.548812;0.981419;-0.389409;-0.730419
1263.520386;-0.558585;-0.543024;0.980204;-0.388025;-0.733637
1266.929077;-0.551764;-0.536882;0.978975;-0.384076;-0.736917
1270.338379;-0.547483;-0.534048;0.981733;-0.38931;-0.742867
1273.748047;-0.541216;-0.522886;0.974978;-0.392338;-0.742523
1277.158325;-0.537096;-0.519795;0.977704;-0.3798;-0.750718
1280.569092;-0.530413;-0.512232;0.975312;-0.383608;-0.753806
1283.980469;-0.526677;-0.507024;0.977976;-0.390485;-0.758595
1287.392334;-0.519313;-0.50365;0.977736;-0.39184;-0.761149
1290.804565;-0.514;-0.494594;0.975136;-0.389535;-0.766098
1294.217529;-0.508623;-0.490393;0.974819;-0.382615;-0.765928
1297.630981;-0.503068;-0.483589;0.976884;-0.380372;-0.772725
1301.0448;-0.497161;-0.477431;0.974598;-0.390843;-0.772198
1304.459229;-0.492942;-0.475569;0.979878;-0.387524;-0.781255
1307.874268;-0.484789;-0.464846;0.972534;-0.39875;-0.777715
1311.289795;-0.482818;-0.463834;0.979245;-0.390519;-0.787003
1314.705811;-0.473188;-0.457113;0.975674;-0.404619;-0.785544
1318.122314;-0.471971;-0.45378;0.978836;-0.393083;-0.795563
1321.539429;-0.462247;-0.444951;0.976258;-0.402685;-0.791655
1324.957031;-0.458696;-0.443412;0.97974;-0.394602;-0.797411
1328.375244;-0.454363;-0.433891;0.976902;-0.397386;-0.800058
1331.793823;-0.449457;-0.43311;0.981033;-0.397109;-0.802501
1335.213013;-0.438113;-0.423759;0.977438;-0.402649;-0.802847
1338.63269;-0.436321;-0.419125;0.97791;-0.395781;-0.810039
1342.052979;-0.429974;-0.414134;0.978444;-0.389364;-0.811486
1345.473755;-0.425166;-0.40635;0.977518;-0.390908;-0.813329
1348.894897;-0.414687;-0.397806;0.973824;-0.390559;-0.810518
1352.316772;-0.414067;-0.393987;0.976825;-0.407032;-0.821712
1355.739014;-0.402664;-0.382419;0.969278;-0.403529;-0.811595
1359.161865;-0.400715;-0.382515;0.978054;-0.402953;-0.825755
1362.585327;-0.391965;-0.375912;0.978377;-0.397486;-0.824429
1366.009155;-0.385976;-0.370901;0.979351;-0.408313;-0.827717
1369.433716;-0.380624;-0.363995;0.975912;-0.407407;-0.828131
1372.858643;-0.373575;-0.352459;0.971269;-0.410713;-0.823847
1376.284058;-0.368364;-0.348568;0.97395;-0.416302;-0.827859
1379.710083;-0.360822;-0.336917;0.969496;-0.423682;-0.826263
1383.136597;-0.355469;-0.338881;0.980453;-0.412255;-0.83715
1386.563721;-0.345888;-0.330637;0.975193;-0.423017;-0.83458
1389.991211;-0.34296;-0.322912;0.974948;-0.43034;-0.838328
1393.419312;-0.33533;-0.314229;0.970594;-0.413476;-0.837049
1396.848022;-0.331189;-0.313033;0.978471;-0.436796;-0.840478
1400.2771;-0.322369;-0.300774;0.972327;-0.427949;-0.838966
1403.706787;-0.318218;-0.298243;0.975625;-0.418784;-0.839736
1407.136963;-0.31157;-0.288691;0.970739;-0.431204;-0.840111
1410.567749;-0.302544;-0.283444;0.972393;-0.438849;-0.841583
1413.999023;-0.296532;-0.278001;0.975299;-0.44994;-0.845409
1417.430908;-0.290955;-0.271576;0.973292;-0.441739;-0.845347
1420.863159;-0.283248;-0.263978;0.975783;-0.439257;-0.84931
1424.296021;-0.279306;-0.257211;0.970906;-0.444524;-0.845242
1427.72937;-0.271908;-0.252826;0.976002;-0.453615;-0.847351
1431.16333;-0.26359;-0.243819;0.974731;-0.444164;-0.846839
1434.597656;-0.259086;-0.238647;0.976225;-0.466943;-0.849759
1438.032593;-0.25195;-0.227563;0.968646;-0.450867;-0.845776
1441.468018;-0.245211;-0.221279;0.972072;-0.469202;-0.849399
1444.904053;-0.237293;-0.213107;0.967327;-0.470725;-0.843146
1448.340576;-0.230936;-0.205196;0.970114;-0.461703;-0.849174
1451.777588;-0.219684;-0.1981;0.966072;-0.478907;-0.837137
1455.21521;-0.217804;-0.193637;0.972152;-0.496974;-0.853624
1458.65332;-0.210458;-0.186839;0.971113;-0.461748;-0.847958
1462.092041;-0.201847;-0.17906;0.970678;-0.493062;-0.844822
1465.531128;-0.193746;-0.172377;0.970139;-0.495012;-0.842263
1468.970825;-0.186687;-0.161353;0.968463;-0.491997;-0.845121
1472.411011;-0.180434;-0.159009;0.972011;-0.491897;-0.84463
1475.851807;-0.173939;-0.149659;0.969147;-0.49869;-0.841204
1479.292969;-0.168532;-0.14206;0.96542;-0.498771;-0.838149
1482.734741;-0.160672;-0.137662;0.972459;-0.514918;-0.8395
1486.177002;-0.152355;-0.133915;0.97092;-0.506852;-0.833587
1489.619873;-0.146197;-0.122992;0.974006;-0.527068;-0.839524
1493.063232;-0.140846;-0.114433;0.965362;-0.523669;-0.830414
1496.507202;-0.132865;-0.104649;0.965907;-0.521726;-0.831706
1499.95166;-0.122933;-0.101504;0.968393;-0.522103;-0.826344
1503.396606;-0.120039;-0.093377;0.968544;-0.525537;-0.830396
1506.842041;-0.109178;-0.089408;0.973295;-0.535913;-0.831999
1510.288086;-0.103098;-0.078039;0.968322;-0.551916;-0.824444
1513.734619;-0.096329;-0.076903;0.970773;-0.536679;-0.81671
1517.181641;-0.08927;-0.064461;0.972801;-0.550704;-0.818163
1520.62915;-0.082764;-0.053819;0.963456;-0.576498;-0.814285
1524.077393;-0.07371;-0.052388;0.976304;-0.561737;-0.816765
1527.526001;-0.061074;-0.044975;0.97365;-0.574662;-0.802877
1530.975098;-0.059398;-0.031624;0.968301;-0.582142;-0.810004
1534.424805;-0.053635;-0.023684;0.96094;-0.580466;-0.800919
1537.875122;-0.040232;-0.021699;0.972912;-0.593796;-0.801243
1541.325806;-0.034432;-0.013426;0.974205;-0.596411;-0.802726
1544.7771;-0.02994;-0.00298;0.966347;-0.592553;-0.796249
1548.228882;-0.024725;0.002809;0.962248;-0.581487;-0.784799
1551.681274;-0.010859;0.004401;0.983055;-0.586785;-0.79516
1555.134033;-0.007827;0.025381;0.955623;-0.622989;-0.770893
1558.587524;-0.002134;0.027967;0.966972;-0.609309;-0.782359
1562.041382;0.00485;0.037555;0.956638;-0.595996;-0.767903
1565.49585;0.012094;0.037944;0.973145;-0.633492;-0.768746
1568.950806;0.021071;0.051047;0.960033;-0.618519;-0.759878
1572.40625;0.028098;0.050471;0.972463;-0.621405;-0.763786
1575.862305;0.030711;0.074888;0.942222;-0.615612;-0.739634
1579.318848;0.047521;0.059572;0.992659;-0.663087;-0.763444
1582.776001;0.047503;0.082891;0.94711;-0.634788;-0.733166
1586.233521;0.052709;0.088616;0.963756;-0.63601;-0.738465
1589.69165;0.060487;0.091723;0.95488;-0.659199;-0.721876
1593.150391;0.070088;0.103328;0.957596;-0.642796;-0.721427
1596.609619;0.074966;0.117383;0.94437;-0.66862;-0.716104
1600.069214;0.086982;0.111171;0.968204;-0.656543;-0.716319
1603.529541;0.089566;0.123707;0.960964;-0.664799;-0.710138
1606.990356;0.101983;0.125563;0.969166;-0.68097;-0.704739
1610.451538;0.104231;0.134368;0.958205;-0.704992;-0.691692
1613.913452;0.113507;0.152198;0.960797;-0.689212;-0.694926
1617.375732;0.119035;0.152763;0.948567;-0.686368;-0.668516
1620.838623;0.127495;0.162455;0.965086;-0.727705;-0.6821
1624.302124;0.128892;0.163865;0.956288;-0.712404;-0.663829
1627.765991;0.136835;0.158431;0.97442;-0.688424;-0.668809
1631.230591;0.138143;0.183405;0.939187;-0.687098;-0.640827
1634.695557;0.155781;0.18501;0.968785;-0.733994;-0.651384
1638.161011;0.160382;0.178329;0.976905;-0.752058;-0.642933
1641.627197;0.162293;0.199381;0.954592;-0.736383;-0.629643
1645.09375;0.168074;0.195083;0.96192;-0.710847;-0.621453
1648.560913;0.174683;0.212891;0.956727;-0.76875;-0.614979
1652.028564;0.187142;0.212728;0.94897;-0.72304;-0.604514
1655.496704;0.189575;0.226625;0.957793;-0.744495;-0.604319
1658.965454;0.195141;0.236308;0.956742;-0.752729;-0.595868
1662.43457;0.201578;0.248615;0.943287;-0.754974;-0.583487
1665.904297;0.204283;0.241449;0.953883;-0.750162;-0.574142
1669.374634;0.210096;0.254177;0.947918;-0.726635;-0.561778
1672.845459;0.22157;0.247101;0.964549;-0.746924;-0.557045
1676.316772;0.228577;0.259479;0.96861;-0.776873;-0.54891
1679.788696;0.221574;0.253933;0.949626;-0.766751;-0.530569
1683.261108;0.235143;0.26184;0.968022;-0.788311;-0.531798
1686.734009;0.221346;0.246668;0.964438;-0.806892;-0.51584
