211.044067;-0.047709;0.20586;0.686227;-0.119344;0.236034;-0.297155
212.626801;-0.096073;0.09452;0.663402;-0.088783;0.145514;-0.246825
214.209625;-0.127224;0.00444;0.634025;-0.036119;0.068333;-0.184214
215.79245;-0.149558;-0.070257;0.604199;0.030606;-0.00284;-0.112376
217.37532;-0.16417;-0.1369;0.56808;0.111003;-0.068267;-0.032568
218.958221;-0.171245;-0.194929;0.521604;0.202938;-0.131206;0.056672
220.541183;-0.16805;-0.244325;0.460005;0.302329;-0.189623;0.155229
222.124176;-0.154468;-0.278548;0.384558;0.405311;-0.241009;0.259943
223.707184;-0.129107;-0.295381;0.295544;0.506467;-0.280314;0.366286
225.290237;-0.090728;-0.290227;0.200838;0.601626;-0.307049;0.472778
226.873337;-0.041875;-0.259847;0.105489;0.688681;-0.315433;0.573252
228.456451;0.014628;-0.201677;0.018368;0.768054;-0.304284;0.663128
230.039627;0.077175;-0.114286;-0.049895;0.831487;-0.269873;0.730849
231.622803;0.140549;0.003197;-0.08615;0.876231;-0.205546;0.767636
233.206024;0.202804;0.147243;-0.080212;0.898139;-0.115094;0.763406
234.789307;0.252459;0.305771;-0.017828;0.880532;0.00185;0.698989
236.372604;0.276913;0.455742;0.102365;0.813805;0.137276;0.569744
237.955933;0.26902;0.56607;0.266019;0.700884;0.25855;0.383877
239.539276;0.228042;0.610561;0.442328;0.558257;0.345993;0.176499
241.122681;0.168308;0.584961;0.591906;0.410093;0.38023;-0.01378
242.7061;0.103865;0.510741;0.692999;0.282847;0.371814;-0.158492
244.289581;0.047342;0.4145;0.743936;0.185218;0.332441;-0.24805
245.873047;0.004807;0.318414;0.75197;0.120021;0.281586;-0.290999
247.456573;-0.024777;0.234554;0.736488;0.080723;0.230102;-0.301066
249.040115;-0.044342;0.166663;0.710645;0.061436;0.184296;-0.291006
250.623688;-0.056426;0.112072;0.68126;0.056896;0.144924;-0.270211
252.207306;-0.06531;0.069042;0.655128;0.063312;0.111856;-0.243478
253.790939;-0.070934;0.034468;0.633471;0.078123;0.083636;-0.214637
255.374603;-0.075536;0.005414;0.615115;0.101188;0.058691;-0.184048
256.958313;-0.078655;-0.019668;0.601293;0.131295;0.036581;-0.15232
258.542023;-0.081097;-0.041675;0.58783;0.167588;0.016224;-0.11841
260.125763;-0.082771;-0.061785;0.57494;0.210581;-0.003218;-0.081319
261.709534;-0.08283;-0.079662;0.558387;0.259428;-0.021428;-0.041554
263.293335;-0.081756;-0.095943;0.537285;0.313641;-0.039537;0.002411
264.877167;-0.07942;-0.109245;0.511129;0.371404;-0.055283;0.048456
266.460999;-0.07516;-0.120123;0.477782;0.431604;-0.070352;0.098098
268.044891;-0.068777;-0.127095;0.436292;0.491108;-0.082794;0.149251
269.628815;-0.06142;-0.130322;0.389361;0.54831;-0.092869;0.201106
271.212708;-0.051868;-0.129241;0.336972;0.600933;-0.100224;0.251063
272.796692;-0.042391;-0.123998;0.284015;0.647991;-0.104048;0.297818
274.380676;-0.031741;-0.113975;0.230882;0.68858;-0.105037;0.340696
275.964661;-0.020975;-0.100018;0.18184;0.723211;-0.103163;0.378268
277.548676;-0.010647;-0.081798;0.138296;0.752825;-0.098488;0.408828
279.132721;-0.001007;-0.059796;0.104901;0.779423;-0.090949;0.432422
280.716797;0.007661;-0.034125;0.081666;0.803526;-0.079667;0.446907
282.300873;0.014548;-0.004901;0.071394;0.825515;-0.065365;0.452112
283.884979;0.019765;0.027765;0.076081;0.844154;-0.047775;0.445079
285.469147;0.02289;0.062342;0.096793;0.857965;-0.026859;0.421965
287.053284;0.023932;0.098382;0.136873;0.865206;-0.003949;0.381011
288.637451;0.022371;0.134733;0.195476;0.860874;0.023632;0.321643
290.221649;0.017652;0.169032;0.267441;0.842778;0.053876;0.24295
291.805847;0.012054;0.197913;0.348632;0.806571;0.082161;0.152076
293.390106;0.00469;0.218151;0.426046;0.752853;0.109191;0.057185
294.974365;-0.00369;0.227674;0.493653;0.685967;0.131944;-0.034579
296.558624;-0.01143;0.226575;0.547398;0.612157;0.146981;-0.113839
298.142914;-0.018428;0.216295;0.578991;0.538602;0.155272;-0.175165
299.727234;-0.024017;0.199946;0.594642;0.470692;0.158596;-0.219545
301.311554;-0.029358;0.17976;0.60095;0.410825;0.155101;-0.247992
302.895905;-0.032754;0.158176;0.592984;0.360182;0.149436;-0.263359
304.480255;-0.034737;0.136944;0.579161;0.318496;0.142722;-0.26962
306.064636;-0.037895;0.116291;0.568232;0.285375;0.132772;-0.269694
307.649017;-0.038683;0.097344;0.54932;0.259403;0.123691;-0.26368
309.233429;-0.038907;0.079893;0.529528;0.239415;0.114563;-0.255188
310.817841;-0.040681;0.063666;0.517324;0.225255;0.104421;-0.244732
312.402283;-0.041293;0.049231;0.501128;0.214791;0.095593;-0.232695
313.986725;-0.039725;0.035769;0.482026;0.208164;0.086278;-0.220637
315.571198;-0.040835;0.023496;0.471488;0.2051;0.077221;-0.207279
317.15567;-0.042088;0.012059;0.461414;0.204901;0.068931;-0.193246
318.740173;-0.03997;0.00165;0.444858;0.207064;0.061013;-0.179781
320.324646;-0.039242;-0.00799;0.433004;0.211245;0.051989;-0.167076
321.90918;-0.041255;-0.017308;0.426833;0.217606;0.044352;-0.150648
323.493713;-0.040582;-0.025873;0.414786;0.226109;0.03722;-0.136
325.078247;-0.037566;-0.033916;0.399577;0.235756;0.027981;-0.123869
326.662781;-0.037748;-0.041423;0.391469;0.24741;0.019687;-0.107262
328.247375;-0.039702;-0.04844;0.383865;0.260324;0.01374;-0.088381
329.83194;-0.037026;-0.054997;0.368247;0.274723;0.005879;-0.073608
331.416504;-0.033661;-0.061074;0.351978;0.289601;-0.004211;-0.060064
333.001099;-0.034494;-0.066496;0.341757;0.305961;-0.01147;-0.040018
334.585693;-0.035572;-0.071238;0.330065;0.322802;-0.016496;-0.018609
336.170319;-0.03179;-0.075575;0.310395;0.340155;-0.024676;-0.003242
337.754944;-0.027614;-0.079176;0.289772;0.357493;-0.034473;0.012225
339.339539;-0.027947;-0.081853;0.275183;0.37496;-0.040519;0.034321
340.924194;-0.028622;-0.083925;0.258636;0.392582;-0.044988;0.057102
342.50885;-0.025075;-0.085279;0.235318;0.409762;-0.051965;0.073886
344.093475;-0.020298;-0.085747;0.210213;0.426053;-0.059907;0.089309
345.678131;-0.019501;-0.085341;0.190375;0.441271;-0.064793;0.109973
347.262787;-0.01972;-0.084005;0.172784;0.455152;-0.0675;0.131934
348.847473;-0.017436;-0.082305;0.150595;0.469338;-0.071598;0.148652
350.432129;-0.013069;-0.079586;0.123337;0.482169;-0.076221;0.162077
352.016785;-0.009605;-0.075659;0.09831;0.495547;-0.079831;0.178516
353.601501;-0.009481;-0.071531;0.079268;0.507075;-0.080925;0.197993
355.186188;-0.00838;-0.066688;0.060847;0.517378;-0.081814;0.21428
356.770874;-0.005444;-0.061549;0.037478;0.526926;-0.083564;0.224492
358.35556;-0.002004;-0.055435;0.013473;0.535634;-0.084092;0.233599
359.940247;-0.00051;-0.048802;-0.006023;0.543452;-0.08278;0.246207
361.524963;0.00003;-0.041474;-0.022382;0.551465;-0.081157;0.259623
363.10968;0.000976;-0.034033;-0.039824;0.559226;-0.079624;0.268948
364.694366;0.00307;-0.025966;-0.06034;0.566057;-0.078345;0.274074
366.279083;0.004531;-0.017224;-0.080176;0.571602;-0.076945;0.278699
367.86377;0.004931;-0.007955;-0.093342;0.577405;-0.073955;0.284653
369.448486;0.005286;0.00176;-0.102517;0.585067;-0.071509;0.289824
371.033203;0.005741;0.011907;-0.110206;0.594176;-0.069973;0.291016
372.617889;0.006045;0.023065;-0.118496;0.603059;-0.067519;0.288487
374.202606;0.005986;0.035146;-0.12489;0.612064;-0.064394;0.284119
375.787292;0.004851;0.047975;-0.12502;0.622093;-0.058319;0.279074
377.372009;0.004185;0.06205;-0.120316;0.635411;-0.053793;0.272729
378.956726;0.003191;0.077282;-0.112654;0.649461;-0.048301;0.262513
380.541443;0.001213;0.092672;-0.103186;0.662253;-0.041606;0.24736
382.126129;-0.001311;0.10778;-0.091012;0.671687;-0.032741;0.227329
383.710815;-0.004217;0.122807;-0.074044;0.679237;-0.022238;0.204846
385.295532;-0.00628;0.137667;-0.050285;0.685968;-0.011013;0.180174
386.880219;-0.008601;0.152844;-0.02387;0.693662;-0.000205;0.153115
388.464905;-0.011659;0.166755;0.00523;0.697466;0.012351;0.121261
390.049591;-0.014852;0.178407;0.036131;0.696189;0.024927;0.085157
391.634247;-0.019385;0.187685;0.068041;0.689344;0.039532;0.047884
393.218933;-0.022159;0.194543;0.102239;0.678727;0.053404;0.011632
394.803619;-0.024971;0.199478;0.136453;0.665697;0.066596;-0.022475
396.388245;-0.02707;0.202425;0.169141;0.650318;0.077822;-0.056073
397.972931;-0.030033;0.202035;0.198125;0.630897;0.087911;-0.08888
399.557556;-0.032657;0.199845;0.222697;0.608191;0.09824;-0.119389
401.142212;-0.034012;0.19458;0.246723;0.581565;0.1061;-0.146708
402.726868;-0.035765;0.187308;0.267888;0.553972;0.113308;-0.169413
404.311462;-0.036346;0.178631;0.285034;0.526263;0.118565;-0.18763
405.896088;-0.03748;0.17049;0.298579;0.500622;0.122364;-0.202409
407.480713;-0.037649;0.161066;0.307505;0.475864;0.124744;-0.214222
409.065308;-0.037538;0.150574;0.313741;0.450686;0.125211;-0.224896
410.649902;-0.038295;0.140515;0.318829;0.426236;0.126415;-0.231202
412.234467;-0.037982;0.130205;0.322257;0.403517;0.125841;-0.235459
413.819092;-0.038239;0.120181;0.324369;0.381614;0.125438;-0.237621
415.403625;-0.037564;0.110333;0.325047;0.362653;0.124005;-0.236491
416.98819;-0.037071;0.100618;0.321705;0.344692;0.121788;-0.236737
418.572754;-0.036379;0.091752;0.31827;0.328719;0.11829;-0.233776
420.157288;-0.035849;0.082945;0.313448;0.313413;0.11631;-0.230328
421.741791;-0.034863;0.074955;0.31013;0.299455;0.11329;-0.227675
423.326263;-0.034181;0.066821;0.308258;0.28609;0.109996;-0.223585
424.910797;-0.034366;0.059327;0.304746;0.27469;0.107097;-0.218198
426.49527;-0.033745;0.051961;0.300903;0.264587;0.104803;-0.212728
428.079742;-0.032474;0.045362;0.295391;0.25557;0.100007;-0.208087
429.664154;-0.031256;0.03909;0.2887;0.247964;0.095526;-0.201477
431.248627;-0.030097;0.033128;0.28216;0.240594;0.092407;-0.196421
432.833069;-0.029453;0.027474;0.277584;0.233799;0.089179;-0.190575
434.41748;-0.029278;0.022171;0.274115;0.227574;0.086698;-0.185026
436.001862;-0.029435;0.016833;0.270537;0.222158;0.083451;-0.17833
437.586243;-0.029081;0.012109;0.266708;0.217625;0.08029;-0.171749
439.170593;-0.027999;0.007388;0.261822;0.213285;0.076101;-0.166607
440.754944;-0.027224;0.003285;0.255482;0.210516;0.072074;-0.160681
442.339264;-0.025581;-0.000939;0.248754;0.208053;0.069394;-0.155691
443.923584;-0.024246;-0.004821;0.242729;0.205702;0.066158;-0.15055
445.507874;-0.023579;-0.008478;0.238996;0.203639;0.063216;-0.144746
447.092133;-0.023866;-0.011999;0.236075;0.201619;0.060656;-0.138293
448.676422;-0.023891;-0.015659;0.233518;0.20013;0.057502;-0.13173
450.260651;-0.024132;-0.019099;0.229896;0.199257;0.053822;-0.124843
451.844879;-0.023156;-0.021979;0.225461;0.198262;0.050371;-0.120223
453.429047;-0.021946;-0.024756;0.219103;0.198269;0.046541;-0.113312
455.013245;-0.02001;-0.027937;0.212728;0.198822;0.042588;-0.109707
456.597412;-0.018328;-0.030779;0.20621;0.199418;0.038913;-0.104381
458.181549;-0.017728;-0.033233;0.20154;0.200107;0.036177;-0.099334
459.765686;-0.017793;-0.035877;0.198734;0.200348;0.034138;-0.093547
461.349762;-0.01845;-0.038138;0.195996;0.201384;0.030662;-0.086134
462.933838;-0.019058;-0.040272;0.193395;0.201987;0.028136;-0.078898
464.517883;-0.019291;-0.042023;0.188811;0.202919;0.025739;-0.073447
466.101898;-0.017993;-0.044084;0.182901;0.204759;0.021836;-0.067799
467.685944;-0.015921;-0.046085;0.175725;0.206518;0.01784;-0.061869
469.269928;-0.014106;-0.047843;0.168904;0.208427;0.0144;-0.058309
470.853851;-0.012553;-0.049558;0.162783;0.210434;0.010853;-0.053553
472.437805;-0.011645;-0.051073;0.156859;0.212942;0.008351;-0.048063
474.021729;-0.011962;-0.052514;0.153375;0.214599;0.005631;-0.041695
475.605621;-0.012559;-0.053647;0.150217;0.216212;0.003139;-0.034859
477.189453;-0.013928;-0.054674;0.146915;0.218185;0.001208;-0.028457
478.773285;-0.013765;-0.055781;0.142024;0.220117;-0.002803;-0.020843
480.357086;-0.013287;-0.056964;0.13553;0.222274;-0.006026;-0.015138
481.940857;-0.011286;-0.058029;0.127623;0.225079;-0.009811;-0.010427
483.524658;-0.009591;-0.05868;0.120383;0.227378;-0.013222;-0.006726
485.108337;-0.007435;-0.05949;0.11262;0.229866;-0.016754;-0.00202
486.692078;-0.006125;-0.060231;0.105395;0.232678;-0.019113;0.002656
488.275726;-0.005843;-0.06025;0.099299;0.234979;-0.021438;0.008712
489.859375;-0.006476;-0.060749;0.094802;0.237088;-0.023772;0.015446
491.443024;-0.007708;-0.060644;0.090543;0.238847;-0.025679;0.022593
493.02655;-0.008863;-0.060671;0.086273;0.240742;-0.028363;0.029652
494.610168;-0.009849;-0.060695;0.081465;0.242602;-0.030554;0.035219
496.193665;-0.008893;-0.060431;0.074401;0.244644;-0.034089;0.040593
497.777161;-0.007265;-0.060023;0.066611;0.246228;-0.037464;0.045438
499.360657;-0.005748;-0.059867;0.058404;0.249066;-0.039695;0.049014
500.944031;-0.003402;-0.059827;0.049675;0.251428;-0.042731;0.052979
502.527435;-0.001984;-0.059182;0.041394;0.253552;-0.045423;0.057333
504.11084;-0.001424;-0.058718;0.034741;0.255617;-0.047095;0.062225
505.694183;-0.00163;-0.058139;0.028933;0.257481;-0.049115;0.067844
507.277496;-0.002628;-0.057156;0.023734;0.258968;-0.050974;0.074374
508.860748;-0.003898;-0.056279;0.019485;0.260281;-0.052322;0.080507
510.444;-0.005231;-0.055287;0.015241;0.261426;-0.054381;0.086121
512.027222;-0.005876;-0.05406;0.009813;0.262598;-0.056535;0.091877
513.610352;-0.004787;-0.052965;0.002402;0.264192;-0.059452;0.095921
515.193481;-0.003879;-0.051819;-0.004954;0.265328;-0.061154;0.098853
516.776611;-0.001651;-0.050526;-0.013456;0.267384;-0.063444;0.102055
518.35968;0.000055;-0.049061;-0.021508;0.268708;-0.064919;0.104301
519.942688;0.001424;-0.047839;-0.029293;0.270493;-0.066655;0.107978
521.525696;0.001691;-0.04628;-0.0358;0.272017;-0.068539;0.112068
523.108643;0.001684;-0.044341;-0.041801;0.273086;-0.07007;0.116968
524.691528;0.000607;-0.042802;-0.045878;0.274248;-0.07098;0.121703
526.274475;-0.000805;-0.041237;-0.04964;0.275371;-0.072054;0.126622
527.8573;-0.001742;-0.039205;-0.053551;0.276067;-0.073971;0.13112
529.440063;-0.002601;-0.037134;-0.05753;0.277009;-0.074853;0.135935
531.022827;-0.003267;-0.035242;-0.062491;0.278147;-0.076893;0.139109
532.605591;-0.002783;-0.033241;-0.068226;0.279071;-0.078491;0.142298
534.188293;-0.001416;-0.030926;-0.075832;0.280507;-0.080272;0.144199
535.770935;-0.000506;-0.029205;-0.082068;0.282121;-0.081101;0.146587
537.353577;0.000285;-0.026799;-0.088669;0.283265;-0.081422;0.148274
538.936157;0.001142;-0.024705;-0.095601;0.285151;-0.083702;0.151137
540.518677;0.001703;-0.022376;-0.101591;0.286241;-0.08338;0.153206
542.101135;0.001418;-0.01996;-0.106334;0.287405;-0.08472;0.15597
543.683594;0.000113;-0.017413;-0.109684;0.288633;-0.084339;0.158859
545.265991;-0.000463;-0.014784;-0.113601;0.290005;-0.085691;0.162055
546.848328;-0.001807;-0.012446;-0.117143;0.29131;-0.085772;0.165552
548.430664;-0.003283;-0.009846;-0.119747;0.29262;-0.08614;0.168925
550.012939;-0.003939;-0.007225;-0.122822;0.293771;-0.086902;0.171383
551.595215;-0.004238;-0.004377;-0.126924;0.295367;-0.086802;0.172277
553.177368;-0.004193;-0.001453;-0.132002;0.296957;-0.088123;0.17375
554.759521;-0.004093;0.001286;-0.136721;0.299192;-0.088186;0.175613
556.341675;-0.003536;0.004159;-0.14264;0.300993;-0.08885;0.176115
557.923706;-0.002986;0.007516;-0.147912;0.303215;-0.089354;0.177654
559.505737;-0.003137;0.010642;-0.153434;0.305485;-0.090497;0.178313
561.087646;-0.003315;0.013712;-0.157281;0.307246;-0.088934;0.178118
562.669556;-0.003703;0.017144;-0.161957;0.310059;-0.089547;0.179719
564.251465;-0.00446;0.020461;-0.164769;0.312271;-0.088695;0.180958
565.833252;-0.005537;0.023809;-0.166746;0.315163;-0.088392;0.182372
567.415039;-0.007451;0.027312;-0.169043;0.317786;-0.087247;0.184163
568.996765;-0.008;0.030903;-0.170458;0.32049;-0.087858;0.184584
570.578491;-0.00938;0.034612;-0.172167;0.323179;-0.087383;0.185661
572.160095;-0.010737;0.038282;-0.174072;0.326405;-0.086922;0.186082
573.741699;-0.011414;0.042183;-0.176314;0.329305;-0.086364;0.186074
575.323242;-0.012164;0.046298;-0.179108;0.332462;-0.086071;0.185623
576.904663;-0.012841;0.050321;-0.182949;0.336503;-0.085384;0.184726
578.486145;-0.013374;0.054332;-0.186514;0.340284;-0.083827;0.183089
580.067505;-0.01409;0.058763;-0.189856;0.344121;-0.083118;0.182074
581.648865;-0.014575;0.063371;-0.192615;0.348167;-0.081064;0.179738
583.230103;-0.015429;0.067639;-0.195238;0.352063;-0.078443;0.177253
584.811401;-0.01654;0.0721;-0.19651;0.356201;-0.07611;0.176283
586.392578;-0.018491;0.076538;-0.198462;0.36006;-0.073064;0.17415
587.973694;-0.019783;0.08125;-0.198456;0.364512;-0.068431;0.171342
589.55481;-0.021118;0.085928;-0.197108;0.368082;-0.065228;0.169239
591.135803;-0.02211;0.090511;-0.196268;0.372684;-0.064095;0.168585
592.716736;-0.02357;0.094737;-0.194782;0.377067;-0.06148;0.167898
594.297668;-0.025207;0.099685;-0.193514;0.381901;-0.060305;0.163249
595.87854;-0.02691;0.104401;-0.192557;0.386682;-0.061178;0.161906
597.459351;-0.027411;0.10858;-0.192478;0.390873;-0.061579;0.156975
599.0401;-0.028422;0.113582;-0.193882;0.396061;-0.063356;0.154648
600.620789;-0.030416;0.118258;-0.193225;0.401121;-0.060873;0.14865
602.201416;-0.031517;0.12346;-0.193174;0.4054;-0.059696;0.143507
603.781982;-0.03357;0.128473;-0.191962;0.410806;-0.055025;0.136534
605.362549;-0.035517;0.132769;-0.191439;0.415269;-0.052779;0.131724
606.942993;-0.037209;0.137498;-0.189132;0.419906;-0.049812;0.124679
608.523438;-0.038751;0.142681;-0.187404;0.424355;-0.046265;0.118508
610.10376;-0.040759;0.147487;-0.183913;0.429474;-0.04127;0.111989
611.684082;-0.041947;0.15239;-0.1806;0.434054;-0.036881;0.103766
613.264282;-0.043957;0.157042;-0.176308;0.43856;-0.033978;0.096155
614.844482;-0.045555;0.161973;-0.170078;0.442815;-0.029235;0.088313
616.424622;-0.047076;0.166874;-0.163897;0.447383;-0.02435;0.081307
618.0047;-0.048575;0.171464;-0.156805;0.4514;-0.020472;0.07351
619.584656;-0.049871;0.175764;-0.150913;0.45583;-0.01515;0.064068
621.164612;-0.051602;0.17955;-0.144705;0.458287;-0.010652;0.056617
622.744507;-0.052308;0.18331;-0.136704;0.461105;-0.006568;0.046764
624.324341;-0.055124;0.186472;-0.130446;0.463545;-0.001685;0.037073
625.904053;-0.056023;0.189716;-0.12369;0.466193;0.003097;0.026763
627.483765;-0.057556;0.192351;-0.117707;0.467071;0.007209;0.014966
629.063354;-0.059405;0.194915;-0.10983;0.468584;0.013094;0.004744
630.642944;-0.061829;0.19687;-0.103073;0.468991;0.019691;-0.00595
632.222473;-0.063136;0.198613;-0.096115;0.469386;0.025303;-0.017254
633.80188;-0.064546;0.200231;-0.088085;0.469688;0.030767;-0.028526
635.381287;-0.066039;0.20105;-0.080246;0.468462;0.036251;-0.03887
636.960571;-0.068074;0.201867;-0.072858;0.467384;0.041801;-0.049723
638.539856;-0.068803;0.202204;-0.062455;0.466047;0.046918;-0.059401
640.119019;-0.069353;0.202389;-0.055132;0.464483;0.051412;-0.070073
641.69812;-0.070102;0.201922;-0.045357;0.46099;0.056085;-0.078595
643.277222;-0.071133;0.200851;-0.03615;0.457629;0.061548;-0.086823
644.856201;-0.071283;0.19973;-0.027056;0.454297;0.064639;-0.095367
646.43512;-0.071715;0.198614;-0.017196;0.450368;0.069456;-0.102337
648.013977;-0.071283;0.197485;-0.007855;0.44732;0.072764;-0.110413
649.592773;-0.070886;0.195111;0.002066;0.442026;0.076355;-0.117221
651.171509;-0.070796;0.193149;0.010086;0.43709;0.080403;-0.124945
652.750122;-0.071423;0.190819;0.017051;0.431697;0.08319;-0.131033
654.328735;-0.070781;0.187968;0.025563;0.425719;0.087338;-0.139207
655.907227;-0.070464;0.185155;0.031665;0.420151;0.089647;-0.14547
657.485718;-0.070153;0.181677;0.037593;0.414005;0.092549;-0.152001
659.064087;-0.070669;0.178335;0.043187;0.407392;0.095632;-0.158702
660.642395;-0.069823;0.174622;0.049253;0.40039;0.098055;-0.165125
662.220581;-0.070141;0.171393;0.053795;0.394143;0.101995;-0.170526
663.798767;-0.070396;0.167999;0.058107;0.387093;0.105686;-0.175994
665.376831;-0.06943;0.163829;0.063901;0.380218;0.106436;-0.180289
666.954895;-0.069354;0.160276;0.067866;0.372959;0.109015;-0.183564
668.532837;-0.068447;0.155933;0.072691;0.365823;0.109961;-0.186578
670.110718;-0.066753;0.152178;0.078497;0.358733;0.110726;-0.189341
671.688477;-0.067296;0.148918;0.081697;0.352407;0.113724;-0.192743
673.266235;-0.066412;0.144766;0.086875;0.3451;0.114075;-0.192821
674.843872;-0.065453;0.140017;0.090787;0.338082;0.114457;-0.194001
676.421509;-0.064341;0.136662;0.095497;0.331865;0.11216;-0.192337
677.998962;-0.06288;0.1324;0.099621;0.324935;0.114198;-0.194766
679.576416;-0.06225;0.128435;0.103084;0.318074;0.113549;-0.193753
681.153748;-0.061711;0.124369;0.105457;0.31149;0.113756;-0.193546
682.731079;-0.060457;0.120502;0.108269;0.305274;0.113554;-0.195024
684.308228;-0.06031;0.116954;0.110974;0.299258;0.113083;-0.195515
685.885376;-0.058345;0.113428;0.113507;0.293254;0.112361;-0.196579
687.462463;-0.056971;0.109304;0.115476;0.287215;0.112038;-0.195838
689.039429;-0.056546;0.105909;0.115873;0.281275;0.111542;-0.196419
690.616333;-0.055605;0.102267;0.116889;0.275425;0.112031;-0.195964
692.193176;-0.053701;0.098778;0.117992;0.270079;0.112847;-0.196037
693.769897;-0.053414;0.095085;0.11764;0.264025;0.113412;-0.196719
695.346558;-0.052388;0.091586;0.117834;0.258889;0.111407;-0.195624
696.923157;-0.050909;0.088511;0.117855;0.254077;0.110817;-0.193907
698.499634;-0.050429;0.085575;0.116806;0.249052;0.110909;-0.191296
700.07605;-0.048676;0.082246;0.117987;0.244078;0.108363;-0.18937
701.652466;-0.048457;0.079066;0.117904;0.238986;0.108449;-0.18825
703.228699;-0.04727;0.076294;0.118924;0.234217;0.107321;-0.186079
704.804871;-0.046878;0.073341;0.120016;0.229747;0.108116;-0.185863
706.380981;-0.045836;0.070592;0.121315;0.224997;0.105672;-0.183781
707.957031;-0.045148;0.067597;0.121856;0.221116;0.105423;-0.181122
709.532959;-0.044666;0.06481;0.12174;0.21728;0.102494;-0.179036
711.108826;-0.043562;0.062164;0.122932;0.213184;0.101483;-0.176696
712.684631;-0.043625;0.05995;0.123647;0.209485;0.100635;-0.174434
714.260315;-0.04342;0.057479;0.124286;0.20585;0.09925;-0.172663
715.835938;-0.042639;0.05508;0.124756;0.201826;0.098815;-0.172233
717.411438;-0.041129;0.052959;0.125356;0.198283;0.096139;-0.16821
718.986938;-0.040872;0.050521;0.125032;0.195174;0.09351;-0.166461
720.562256;-0.040456;0.048243;0.124256;0.191269;0.09524;-0.165865
722.137512;-0.039032;0.046476;0.125052;0.188146;0.094127;-0.162465
723.712708;-0.038073;0.043891;0.125127;0.184746;0.092384;-0.162572
725.287781;-0.037172;0.041513;0.123115;0.181652;0.091658;-0.161066
726.862854;-0.036157;0.039854;0.121449;0.178412;0.092781;-0.160748
728.437744;-0.035656;0.037927;0.12097;0.175381;0.088902;-0.157083
730.012573;-0.03499;0.036072;0.120017;0.173249;0.088625;-0.156482
731.587341;-0.034523;0.03463;0.11898;0.17026;0.088757;-0.154147
733.161987;-0.033495;0.032781;0.117179;0.167897;0.084393;-0.150145
734.736633;-0.032421;0.031323;0.117301;0.165179;0.0852;-0.151182
736.311096;-0.032133;0.029532;0.115555;0.162817;0.087479;-0.150534
737.885498;-0.031392;0.028034;0.115017;0.160092;0.084898;-0.149691
739.459839;-0.030807;0.026326;0.1141;0.157912;0.084457;-0.14615
741.034058;-0.03036;0.024753;0.114624;0.15567;0.084672;-0.145987
742.608154;-0.029523;0.023564;0.113886;0.153517;0.083261;-0.142757
744.182251;-0.029583;0.021888;0.113622;0.151585;0.080672;-0.140352
745.756165;-0.029046;0.020548;0.113494;0.149123;0.079652;-0.139415
747.330017;-0.028611;0.01916;0.113165;0.147046;0.079599;-0.136756
748.903809;-0.028581;0.017509;0.113379;0.145296;0.079288;-0.136039
750.477417;-0.028197;0.016199;0.112744;0.14332;0.075539;-0.13084
752.051025;-0.02814;0.015203;0.112679;0.141754;0.076385;-0.131162
753.624573;-0.027957;0.013965;0.112863;0.139999;0.076789;-0.129347
755.197937;-0.027496;0.012758;0.112772;0.138575;0.075956;-0.12815
756.77124;-0.027136;0.011567;0.112573;0.136611;0.072082;-0.124056
758.344421;-0.026475;0.010264;0.11105;0.134932;0.07243;-0.125131
759.917603;-0.026367;0.00912;0.110182;0.13404;0.069346;-0.119174
761.490601;-0.025945;0.008379;0.110192;0.132429;0.071522;-0.11981
763.063538;-0.025079;0.007072;0.10926;0.130749;0.066213;-0.115527
764.636353;-0.025025;0.006165;0.109313;0.129554;0.066321;-0.116089
766.209106;-0.024527;0.00531;0.107421;0.12863;0.064467;-0.115251
767.781738;-0.023931;0.004229;0.106657;0.127467;0.065934;-0.115152
769.354248;-0.023148;0.003573;0.10521;0.126049;0.064272;-0.113652
770.926697;-0.022168;0.002274;0.104582;0.124758;0.066383;-0.113457
772.499084;-0.021814;0.00165;0.102017;0.12394;0.066077;-0.112251
774.071289;-0.021057;0.000423;0.10184;0.12252;0.061842;-0.108412
775.643433;-0.021121;-0.000507;0.10074;0.121412;0.060922;-0.10643
777.215515;-0.019773;-0.001187;0.098524;0.120642;0.059385;-0.105202
778.787476;-0.019664;-0.002237;0.097841;0.119787;0.059963;-0.101127
780.359314;-0.018997;-0.002943;0.097307;0.117927;0.058256;-0.100242
781.931091;-0.018859;-0.004023;0.097409;0.117495;0.055917;-0.098228
783.502747;-0.018413;-0.004767;0.096263;0.116328;0.053716;-0.093111
785.074341;-0.018116;-0.00579;0.095506;0.115852;0.054732;-0.094804
786.645752;-0.017431;-0.006705;0.094184;0.115188;0.05299;-0.091906
788.217102;-0.017144;-0.00702;0.094638;0.114038;0.051222;-0.091358
789.788391;-0.017857;-0.007692;0.094208;0.113318;0.054805;-0.091322
791.359497;-0.017965;-0.008195;0.093862;0.112154;0.052755;-0.088827
792.930542;-0.017586;-0.008839;0.094651;0.111534;0.055969;-0.092411
794.501526;-0.018053;-0.009731;0.093725;0.110556;0.052213;-0.088719
796.072388;-0.017631;-0.010386;0.094393;0.110423;0.048936;-0.08498
797.643066;-0.017281;-0.010728;0.09342;0.109638;0.04926;-0.084041
799.213745;-0.016856;-0.011526;0.093802;0.109003;0.046433;-0.081924
800.784241;-0.016864;-0.011794;0.092435;0.107996;0.047953;-0.080308
802.354675;-0.016651;-0.013056;0.091873;0.10722;0.044195;-0.079911
803.924988;-0.016186;-0.013505;0.091962;0.106861;0.043289;-0.078208
805.495239;-0.016064;-0.014069;0.092068;0.106626;0.040393;-0.073852
807.065308;-0.016178;-0.014811;0.090472;0.10593;0.042646;-0.075123
808.635315;-0.015101;-0.014961;0.088925;0.105192;0.039695;-0.073145
810.2052;-0.014459;-0.015508;0.088776;0.105169;0.04016;-0.073908
811.775024;-0.014269;-0.015923;0.08772;0.104537;0.040483;-0.070884
813.344666;-0.013706;-0.016506;0.086967;0.103926;0.038858;-0.071377
814.914246;-0.013705;-0.017135;0.086201;0.103368;0.040277;-0.071179
816.483765;-0.013467;-0.01735;0.08393;0.102964;0.041116;-0.072122
818.053101;-0.012;-0.017945;0.083052;0.102513;0.039314;-0.069427
819.622375;-0.011349;-0.018111;0.082532;0.101715;0.037205;-0.068871
821.191528;-0.011818;-0.018718;0.082665;0.101582;0.034241;-0.067908
822.760437;-0.012043;-0.018896;0.082835;0.101368;0.032549;-0.065966
824.329407;-0.011962;-0.019033;0.081679;0.101102;0.032922;-0.065957
825.898254;-0.010618;-0.019416;0.080764;0.100632;0.032074;-0.065332
827.466919;-0.010838;-0.020102;0.080368;0.100528;0.03208;-0.063653
829.035522;-0.010728;-0.020331;0.079959;0.100254;0.030078;-0.062224
830.604004;-0.009935;-0.020578;0.078512;0.099879;0.031411;-0.062154
832.172363;-0.009577;-0.021073;0.076825;0.099471;0.031119;-0.060097
833.740601;-0.010297;-0.021623;0.078613;0.099251;0.028208;-0.057862
835.308716;-0.010989;-0.021856;0.079065;0.099079;0.027791;-0.057251
836.87677;-0.010656;-0.02219;0.078905;0.098699;0.026359;-0.055594
838.444641;-0.009803;-0.022311;0.076398;0.098243;0.026334;-0.054621
840.012512;-0.009632;-0.023056;0.075899;0.098572;0.030001;-0.056307
841.5802;-0.010106;-0.023293;0.076658;0.098331;0.03004;-0.056783
843.147766;-0.010663;-0.023459;0.077055;0.09787;0.027999;-0.051508
844.715149;-0.010351;-0.02382;0.075805;0.097771;0.031377;-0.050954
846.282532;-0.009699;-0.024169;0.074842;0.098131;0.027151;-0.047791
847.849731;-0.010119;-0.024291;0.075264;0.097492;0.018716;-0.043198
849.416809;-0.009428;-0.024739;0.073729;0.097288;0.014688;-0.040069
850.983765;-0.010524;-0.024839;0.074555;0.097087;0.015681;-0.039772
852.550659;-0.010396;-0.025065;0.073048;0.096934;0.015971;-0.037914
854.117493;-0.009553;-0.025687;0.071124;0.096605;0.014065;-0.035727
855.684082;-0.009529;-0.025832;0.071406;0.09702;0.017047;-0.038385
857.25061;-0.009173;-0.025902;0.070221;0.096668;0.015426;-0.038488
858.817017;-0.009061;-0.026347;0.06889;0.096916;0.013236;-0.034508
860.383301;-0.008228;-0.026523;0.067483;0.096904;0.014967;-0.036167
861.949402;-0.008888;-0.027068;0.068313;0.097185;0.011473;-0.033592
863.515503;-0.008251;-0.026914;0.067689;0.096646;0.012098;-0.032378
865.081421;-0.007593;-0.027134;0.065874;0.096668;0.012057;-0.031955
866.647156;-0.006615;-0.027402;0.064685;0.096789;0.014546;-0.033664
868.212891;-0.005754;-0.027879;0.063325;0.096901;0.013898;-0.033666
869.778442;-0.005691;-0.027772;0.063196;0.097282;0.017522;-0.035551
871.343872;-0.006804;-0.027703;0.063662;0.097355;0.016691;-0.03299
872.90918;-0.005508;-0.027914;0.061293;0.097418;0.018607;-0.033515
874.474426;-0.004152;-0.028123;0.059446;0.097222;0.018391;-0.035186
876.039429;-0.004106;-0.028208;0.059781;0.096756;0.014362;-0.030542
877.60437;-0.005033;-0.028624;0.0597;0.09671;0.01296;-0.030496
879.16925;-0.005669;-0.028751;0.060744;0.096857;0.011201;-0.029484
880.733887;-0.005643;-0.028805;0.059995;0.096862;0.011128;-0.028485
882.298523;-0.005185;-0.02883;0.058396;0.09706;0.011526;-0.028336
883.862976;-0.004371;-0.028828;0.057283;0.096834;0.011323;-0.028485
885.427246;-0.003149;-0.028994;0.056271;0.096908;0.011227;-0.028106
886.991516;-0.003374;-0.029164;0.055963;0.096864;0.009688;-0.026478
888.555542;-0.004661;-0.02932;0.056609;0.096912;0.009161;-0.024741
890.119507;-0.005058;-0.029365;0.056471;0.096946;0.008184;-0.022864
891.683289;-0.004306;-0.029541;0.055085;0.097072;0.007594;-0.022251
893.246948;-0.004516;-0.029873;0.055268;0.097262;0.005807;-0.019987
894.810547;-0.004746;-0.029781;0.054533;0.097269;0.006605;-0.020566
896.374023;-0.00454;-0.03002;0.054031;0.097199;0.005957;-0.020022
897.937317;-0.004232;-0.029968;0.053386;0.097225;0.004386;-0.018236
899.500488;-0.005209;-0.029777;0.053131;0.097457;0.005106;-0.018081
901.063599;-0.004809;-0.030153;0.053133;0.09764;0.00281;-0.016122
902.626465;-0.005602;-0.030235;0.053222;0.097711;0.002584;-0.015463
904.18927;-0.00677;-0.030271;0.053846;0.09783;0.000638;-0.012642
905.751953;-0.006551;-0.030168;0.053141;0.097734;0.00125;-0.01317
907.314453;-0.006415;-0.030095;0.052021;0.097649;0.002111;-0.013614
908.876831;-0.005822;-0.030438;0.051181;0.098137;0.000182;-0.011905
910.439148;-0.004202;-0.030317;0.048406;0.098194;0.001074;-0.011942
912.001282;-0.003528;-0.030424;0.047261;0.098327;0.00145;-0.012068
913.563293;-0.00378;-0.030367;0.046332;0.098505;-0.000044;-0.010614
915.125183;-0.00363;-0.030732;0.045871;0.098901;-0.002052;-0.008645
916.68689;-0.004123;-0.030466;0.046123;0.098669;-0.001836;-0.008412
918.248535;-0.00365;-0.030437;0.045123;0.098696;-0.001718;-0.008435
919.810059;-0.00353;-0.030545;0.044843;0.098677;-0.002862;-0.007231
921.371399;-0.003842;-0.030454;0.044992;0.098824;-0.003706;-0.006095
922.932495;-0.00343;-0.030699;0.043083;0.098934;-0.004028;-0.005487
924.493652;-0.003305;-0.030372;0.042493;0.099051;-0.002332;-0.005994
926.054565;-0.003604;-0.030122;0.042316;0.09931;0.000321;-0.00704
927.615356;-0.002293;-0.030413;0.040384;0.099858;-0.001836;-0.004539
929.176086;-0.002549;-0.030506;0.038983;0.099533;-0.002831;-0.002493
930.736511;-0.001947;-0.030415;0.038449;0.099818;-0.002876;-0.002104
932.296997;-0.002056;-0.030279;0.037644;0.099981;-0.00317;-0.001559
933.857239;-0.001192;-0.030205;0.036337;0.10001;-0.003678;-0.000916
935.417358;-0.00136;-0.030277;0.035855;0.100199;-0.005478;0.001107
936.977356;-0.001787;-0.030061;0.035008;0.100107;-0.002478;-0.000795
938.537231;-0.000774;-0.030302;0.034044;0.100418;-0.005017;0.00153
940.096863;-0.000938;-0.030285;0.033486;0.100588;-0.005222;0.001829
941.656433;-0.001054;-0.030035;0.031999;0.100603;-0.003772;0.00176
943.21582;-0.001282;-0.029785;0.031722;0.100872;-0.003381;0.001746
944.775208;-0.00067;-0.029503;0.031338;0.101057;-0.005501;0.004377
946.33429;-0.001979;-0.029819;0.031546;0.101049;-0.004674;0.003835
947.89325;-0.001208;-0.029795;0.029455;0.101372;-0.006346;0.006078
949.452148;-0.001735;-0.029773;0.030726;0.101631;-0.007743;0.007116
951.010864;-0.001264;-0.029823;0.028853;0.101605;-0.008006;0.007838
952.569458;-0.000498;-0.029461;0.027034;0.101581;-0.006795;0.007405
954.12793;-0.000331;-0.029553;0.027094;0.101591;-0.008792;0.009031
955.686218;-0.001978;-0.02932;0.027356;0.101898;-0.00665;0.007998
957.244324;-0.002409;-0.029241;0.027236;0.102369;-0.00879;0.011267
958.802368;-0.00227;-0.029097;0.025337;0.102221;-0.008166;0.011101
960.360229;-0.002325;-0.028953;0.026047;0.102855;-0.006426;0.009857
961.917969;-0.00242;-0.029003;0.024291;0.102534;-0.008953;0.011519
963.475586;-0.003031;-0.028917;0.024729;0.103066;-0.008424;0.012068
965.03302;-0.002084;-0.02875;0.023251;0.103115;-0.011794;0.014406
966.59021;-0.00301;-0.028712;0.02283;0.103251;-0.009489;0.013843
968.147339;-0.00435;-0.028695;0.023036;0.103439;-0.011257;0.015096
969.704407;-0.004142;-0.028805;0.02219;0.103597;-0.011001;0.015086
971.26123;-0.003709;-0.028563;0.021842;0.103791;-0.013476;0.016225
972.817993;-0.003862;-0.02857;0.020919;0.104042;-0.012142;0.015665
974.374512;-0.003424;-0.028479;0.019564;0.104219;-0.013493;0.016878
975.930969;-0.001873;-0.028432;0.017922;0.104142;-0.014923;0.017729
977.487183;-0.0038;-0.028525;0.01955;0.104601;-0.015859;0.018043
979.043335;-0.003233;-0.028354;0.017769;0.104126;-0.016917;0.018953
980.599304;-0.002895;-0.028387;0.017703;0.104283;-0.016836;0.019748
982.15509;-0.002764;-0.02803;0.016505;0.104046;-0.016324;0.019753
983.710754;-0.002654;-0.02782;0.016557;0.10442;-0.01778;0.01845
985.266296;-0.002233;-0.027972;0.014961;0.104722;-0.017556;0.02016
986.821655;-0.00158;-0.02768;0.013382;0.104981;-0.016805;0.02081
988.376831;-0.001384;-0.027676;0.01196;0.105079;-0.017361;0.021836
989.931946;-0.001929;-0.027726;0.012867;0.105531;-0.01898;0.022251
991.486816;-0.001696;-0.027229;0.011245;0.105274;-0.018938;0.021542
993.041626;-0.001621;-0.027461;0.010511;0.105227;-0.019144;0.022451
994.596191;-0.001407;-0.026989;0.009762;0.105124;-0.021463;0.02298
996.150696;-0.001976;-0.027044;0.010093;0.105513;-0.01978;0.02341
997.704956;-0.000917;-0.027159;0.009086;0.105535;-0.02161;0.025658
999.259155;-0.002008;-0.0267;0.008761;0.105143;-0.014561;0.023301
1012.729004;0.000086;-0.025786;-0.0016;0.107642;-0.01985;0.030776
1016.098999;-0.000351;-0.025482;-0.003895;0.108108;-0.022509;0.03344
1019.469604;-0.000138;-0.02528;-0.004771;0.107922;-0.016035;0.031456
1022.840637;-0.000247;-0.024497;-0.00523;0.108083;-0.022692;0.034061
1026.212158;-0.000284;-0.024193;-0.007393;0.108026;-0.024492;0.034722
1029.584351;-0.001001;-0.023925;-0.008261;0.108828;-0.024451;0.039102
1032.956909;-0.000899;-0.023613;-0.009199;0.109105;-0.024931;0.035565
1036.330078;-0.000663;-0.023089;-0.010503;0.109357;-0.025079;0.038944
1039.703857;-0.001104;-0.022613;-0.012811;0.108999;-0.027201;0.038758
1043.077881;-0.001664;-0.022546;-0.013924;0.109377;-0.024688;0.040554
1046.452637;-0.001557;-0.021974;-0.015937;0.109883;-0.027788;0.043024
1049.827881;-0.00154;-0.021605;-0.017154;0.109655;-0.030754;0.044115
1053.203613;-0.000983;-0.021109;-0.018701;0.110142;-0.027791;0.043379
1056.579956;-0.001556;-0.020826;-0.020888;0.110031;-0.031353;0.045733
1059.956787;-0.001148;-0.020277;-0.022623;0.110215;-0.029281;0.045175
1063.334106;-0.000957;-0.019887;-0.024159;0.110296;-0.030906;0.04813
1066.711914;-0.000975;-0.019361;-0.025783;0.110691;-0.028402;0.047425
1070.09021;0.000001;-0.018895;-0.027965;0.110653;-0.031446;0.04896
1073.469116;0.000031;-0.01844;-0.029585;0.111127;-0.029746;0.04856
1076.848511;-0.00027;-0.018242;-0.030523;0.111086;-0.032907;0.050543
1080.228394;-0.000751;-0.01769;-0.032164;0.111399;-0.031621;0.049468
1083.608887;-0.001166;-0.017454;-0.033487;0.111013;-0.030558;0.04994
1086.989868;-0.000799;-0.016721;-0.034865;0.111267;-0.033005;0.051826
1090.371338;-0.001576;-0.016458;-0.036119;0.111712;-0.031915;0.053278
1093.753418;-0.001622;-0.015808;-0.037509;0.111701;-0.03114;0.053588
1097.135986;-0.00215;-0.015455;-0.037935;0.111419;-0.032219;0.053331
1100.518921;-0.002803;-0.014851;-0.039863;0.112181;-0.026183;0.051234
1103.902588;-0.002938;-0.014469;-0.040941;0.111796;-0.03455;0.055539
1107.286621;-0.002915;-0.013874;-0.042044;0.112057;-0.033874;0.054698
1110.671265;-0.003355;-0.013518;-0.042821;0.111945;-0.035964;0.057165
1114.056396;-0.00389;-0.013028;-0.043956;0.112285;-0.033122;0.055679
1117.442139;-0.00389;-0.012471;-0.044858;0.111807;-0.033896;0.05622
1120.828369;-0.004513;-0.011949;-0.046425;0.112434;-0.033626;0.056396
1124.215088;-0.004568;-0.011405;-0.047199;0.112341;-0.038663;0.059344
1127.602295;-0.004434;-0.010825;-0.04908;0.112805;-0.037914;0.058085
1130.98999;-0.004833;-0.010379;-0.050783;0.112203;-0.035177;0.061779
1134.378296;-0.005251;-0.010037;-0.051257;0.112764;-0.03183;0.05663
1137.76709;-0.004809;-0.009352;-0.053325;0.112442;-0.039024;0.062017
1141.156494;-0.004228;-0.008811;-0.055181;0.112812;-0.039321;0.063208
1144.546265;-0.004514;-0.008302;-0.057196;0.112866;-0.038862;0.06145
1147.936646;-0.005003;-0.008037;-0.057845;0.11297;-0.031428;0.057563
1151.327515;-0.004988;-0.007449;-0.059389;0.113013;-0.040477;0.064697
1154.718994;-0.005082;-0.006898;-0.060951;0.113477;-0.035189;0.061573
1158.11084;-0.005039;-0.006479;-0.061895;0.113092;-0.030276;0.059981
1161.503296;-0.004121;-0.005832;-0.063359;0.113027;-0.030079;0.058627
1164.89624;-0.004972;-0.005457;-0.064549;0.113117;-0.030608;0.058611
1168.289795;-0.005236;-0.004795;-0.066366;0.113568;-0.035974;0.062582
1171.683838;-0.005841;-0.004489;-0.066566;0.113091;-0.035047;0.063503
1175.078369;-0.005754;-0.003922;-0.068251;0.113141;-0.037773;0.064769
1178.473389;-0.006184;-0.003402;-0.069769;0.11321;-0.037622;0.064927
1181.869019;-0.006435;-0.002918;-0.071358;0.113232;-0.036802;0.064017
1185.265259;-0.006887;-0.002305;-0.071786;0.113561;-0.030858;0.063146
1188.661865;-0.007221;-0.001755;-0.073091;0.113647;-0.033629;0.064068
1192.05896;-0.00744;-0.0012;-0.073893;0.113837;-0.03536;0.06667
1195.456787;-0.008296;-0.000936;-0.074823;0.113839;-0.035296;0.060327
1198.854858;-0.00853;-0.000187;-0.074591;0.113265;-0.040029;0.075581
1202.253662;-0.008933;0.000288;-0.076238;0.113998;-0.04092;0.071065
1205.652954;-0.009008;0.000874;-0.076849;0.113454;-0.033641;0.0665
1209.052734;-0.009681;0.00161;-0.079377;0.114423;-0.039505;0.068302
1212.453003;-0.010266;0.002032;-0.077739;0.11368;-0.032985;0.062322
1215.85376;-0.011186;0.002882;-0.080171;0.114529;-0.036428;0.066341
1219.255127;-0.011304;0.003047;-0.07958;0.11319;-0.035762;0.065827
1222.656982;-0.011652;0.00351;-0.080885;0.114591;-0.02947;0.067287
1226.059448;-0.011645;0.00429;-0.082235;0.11366;-0.039926;0.065017
1229.462402;-0.012161;0.004617;-0.084971;0.114662;-0.032782;0.061181
1232.865845;-0.012382;0.005191;-0.085191;0.114066;-0.02685;0.065706
1236.269775;-0.011384;0.006074;-0.087329;0.115173;-0.036309;0.06478
1239.674316;-0.01263;0.006328;-0.085174;0.114429;-0.029935;0.066382
1243.079346;-0.012802;0.006936;-0.088511;0.114978;-0.044889;0.07514
1246.484863;-0.012779;0.007404;-0.089005;0.114682;-0.041515;0.064727
1249.890869;-0.013335;0.008079;-0.090824;0.11488;-0.034392;0.065644
1253.297607;-0.014608;0.008535;-0.093003;0.114772;-0.034599;0.064294
1256.704712;-0.012967;0.009408;-0.093904;0.115038;-0.032766;0.069779
1260.112305;-0.013205;0.009673;-0.093981;0.115203;-0.031884;0.064583
1263.520386;-0.013633;0.010397;-0.096024;0.115287;-0.038607;0.069032
1266.929077;-0.014731;0.010623;-0.096531;0.11503;-0.040359;0.068103
1270.338379;-0.014781;0.011275;-0.097859;0.115816;-0.037561;0.063475
1273.748047;-0.014483;0.011897;-0.098519;0.115012;-0.042079;0.071791
1277.158325;-0.015454;0.01272;-0.101066;0.116281;-0.040037;0.069822
1280.569092;-0.015666;0.01332;-0.100833;0.115977;-0.033598;0.071672
1283.980469;-0.015701;0.013866;-0.101644;0.116221;-0.057681;0.082832
1287.392334;-0.017012;0.014317;-0.102267;0.116218;-0.021871;0.065417
1290.804565;-0.017926;0.014854;-0.104879;0.116194;-0.047759;0.082338
1294.217529;-0.017482;0.015024;-0.103998;0.115894;-0.036487;0.07153
1297.630981;-0.017991;0.015875;-0.107152;0.116855;-0.052033;0.072378
1301.0448;-0.017026;0.016397;-0.105679;0.116319;-0.042804;0.07843
1304.459229;-0.01908;0.017338;-0.107224;0.117431;-0.050147;0.079031
1307.874268;-0.019514;0.017926;-0.10555;0.116414;-0.041804;0.066851
1311.289795;-0.018927;0.018577;-0.108613;0.117632;-0.037294;0.066971
1314.705811;-0.019513;0.018978;-0.104923;0.117111;-0.036276;0.066321
1318.122314;-0.021085;0.019811;-0.109862;0.118381;-0.041361;0.072419
1321.539429;-0.021403;0.020075;-0.10767;0.117575;-0.045842;0.075416
1324.957031;-0.022359;0.02098;-0.109224;0.118024;-0.029707;0.058315
1328.375244;-0.02285;0.021726;-0.112146;0.118381;-0.041319;0.067588
1331.793823;-0.022602;0.022068;-0.112174;0.118645;-0.03335;0.082191
1335.213013;-0.024169;0.022785;-0.110289;0.118329;-0.027126;0.055721
1338.63269;-0.023558;0.023874;-0.112864;0.119654;-0.022559;0.069057
1342.052979;-0.02492;0.024096;-0.113616;0.119167;-0.025618;0.061147
1345.473755;-0.025506;0.024614;-0.11431;0.119817;-0.027172;0.05374
1348.894897;-0.026625;0.024569;-0.114832;0.118445;-0.033561;0.062661
1352.316772;-0.026093;0.025096;-0.1159;0.119747;-0.031226;0.07982
1355.739014;-0.02626;0.025795;-0.116209;0.118155;-0.041249;0.0652
1359.161865;-0.027447;0.026618;-0.119266;0.120742;-0.023633;0.069432
1362.585327;-0.027958;0.027295;-0.120655;0.119978;-0.041687;0.064316
1366.009155;-0.027696;0.028193;-0.120106;0.120847;-0.025263;0.055566
1369.433716;-0.028927;0.028969;-0.120304;0.12126;-0.039136;0.06353
1372.858643;-0.028229;0.029268;-0.121652;0.120521;-0.050916;0.068002
1376.284058;-0.03025;0.029728;-0.121072;0.121451;-0.022634;0.046304
1379.710083;-0.029183;0.031316;-0.120868;0.12146;-0.049038;0.0773
1383.136597;-0.030221;0.031387;-0.125016;0.122459;-0.024957;0.041831
1386.563721;-0.030665;0.03178;-0.124583;0.122412;-0.019812;0.049307
1389.991211;-0.030138;0.032266;-0.127076;0.123094;-0.020449;0.056714
1393.419312;-0.031728;0.032996;-0.129695;0.122751;-0.023953;0.055775
1396.848022;-0.03162;0.034105;-0.125549;0.12377;-0.029856;0.04881
1400.2771;-0.033303;0.034513;-0.128908;0.124086;-0.03578;0.050616
1403.706787;-0.034516;0.035094;-0.132959;0.123582;-0.007716;0.0399
1407.136963;-0.035253;0.035836;-0.130583;0.124513;-0.031676;0.054597
1410.567749;-0.034385;0.036533;-0.131466;0.124932;-0.026656;0.061443
1413.999023;-0.033386;0.036998;-0.131622;0.12525;-0.023027;0.049003
1417.430908;-0.034915;0.037767;-0.132719;0.125672;-0.022466;0.052791
1420.863159;-0.035357;0.038767;-0.134811;0.126694;-0.029803;0.057118
1424.296021;-0.036136;0.038912;-0.135282;0.126014;-0.022864;0.056721
1427.72937;-0.036204;0.039442;-0.135488;0.126827;-0.013365;0.048062
1431.16333;-0.039059;0.040335;-0.137041;0.127239;-0.044971;0.053725
1434.597656;-0.038711;0.041298;-0.137243;0.128031;-0.001141;0.046047
1438.032593;-0.040307;0.041565;-0.138263;0.127993;-0.026549;0.059122
1441.468018;-0.039831;0.042707;-0.137218;0.128865;-0.037693;0.055545
1444.904053;-0.040868;0.042941;-0.138478;0.128541;-0.037427;0.057791
1448.340576;-0.042913;0.044353;-0.14179;0.129898;-0.041669;0.060034
1451.777588;-0.040271;0.043505;-0.135776;0.128018;-0.029111;0.044088
1455.21521;-0.042556;0.045506;-0.136446;0.131831;-0.047714;0.06085
1458.65332;-0.045234;0.045917;-0.1424;0.131147;-0.015966;0.0466
1462.092041;-0.0428;0.046745;-0.137718;0.131493;-0.027423;0.041819
1465.531128;-0.043936;0.047002;-0.139239;0.131335;-0.023452;0.043139
1468.970825;-0.045029;0.048003;-0.140206;0.131885;-0.027119;0.04843
1472.411011;-0.044624;0.048442;-0.141747;0.132207;-0.017507;0.040283
1475.851807;-0.045342;0.04893;-0.141799;0.132509;-0.018471;0.039456
1479.292969;-0.04715;0.049387;-0.142665;0.132418;-0.024609;0.045543
1482.734741;-0.047334;0.050472;-0.142108;0.133757;-0.019;0.035998
1486.177002;-0.049764;0.050792;-0.144364;0.134161;-0.006221;0.034189
1489.619873;-0.048668;0.052224;-0.141192;0.135792;-0.031785;0.043817
1493.063232;-0.052191;0.052156;-0.145412;0.135028;-0.025544;0.041486
1496.507202;-0.051242;0.053279;-0.144775;0.136324;-0.017821;0.041458
1499.95166;-0.050193;0.053678;-0.144125;0.135751;-0.013088;0.016712
1503.396606;-0.054191;0.05496;-0.147937;0.137658;-0.009722;0.048916
1506.842041;-0.053576;0.0552;-0.14497;0.13807;-0.022449;0.029046
1510.288086;-0.053874;0.0559;-0.142777;0.13801;0.015963;0.037172
1513.734619;-0.055347;0.056383;-0.146932;0.138017;0.041388;0.005386
1517.181641;-0.053198;0.056922;-0.146693;0.138162;-0.017959;0.020918
1520.62915;-0.054251;0.05746;-0.142939;0.138835;-0.039545;0.032384
1524.077393;-0.05679;0.058469;-0.149528;0.139753;-0.026866;0.025546
1527.526001;-0.056293;0.058388;-0.148895;0.13967;0.009491;0.001749
1530.975098;-0.055434;0.059726;-0.146428;0.141956;-0.033261;0.033644
1534.424805;-0.057543;0.060652;-0.149052;0.141368;-0.010088;0.039931
1537.875122;-0.057505;0.060392;-0.150224;0.142115;-0.014119;0.02306
1541.325806;-0.057934;0.062087;-0.149168;0.142754;-0.014803;0.023465
1544.7771;-0.059707;0.062192;-0.152428;0.143331;-0.01854;0.031914
1548.228882;-0.061114;0.062893;-0.152133;0.142816;-0.022637;0.019176
1551.681274;-0.064722;0.063218;-0.158795;0.146059;-0.002536;0.000993
1555.134033;-0.059436;0.063338;-0.145696;0.142294;-0.018904;0.016284
1558.587524;-0.062248;0.065284;-0.152158;0.146269;-0.006624;0.027747
1562.041382;-0.06685;0.06463;-0.153403;0.144515;-0.027086;0.021162
1565.49585;-0.066098;0.066384;-0.151626;0.146425;-0.003304;0.024643
1568.950806;-0.064268;0.066053;-0.149465;0.145757;-0.011043;0.017576
1572.40625;-0.068401;0.067101;-0.157368;0.148375;-0.012247;-0.001106
1575.862305;-0.068;0.066503;-0.152152;0.144937;-0.015631;0.029559
1579.318848;-0.068925;0.069301;-0.154216;0.151715;0.050553;-0.032968
1582.776001;-0.069931;0.068133;-0.152044;0.146338;-0.038658;0.029129
1586.233521;-0.071562;0.06907;-0.153846;0.149303;0.010883;-0.005212
1589.69165;-0.07114;0.069141;-0.147225;0.14841;0.019223;0.01061
1593.150391;-0.07199;0.070003;-0.153123;0.14816;-0.009789;-0.010109
1596.609619;-0.069384;0.070024;-0.151606;0.150571;-0.047379;0.040928
1600.069214;-0.075332;0.071618;-0.161418;0.151079;0.032102;0.007592
1603.529541;-0.072208;0.072403;-0.1535;0.151617;-0.023253;0.007246
1606.990356;-0.074346;0.072271;-0.154606;0.152389;0.063946;-0.029539
1610.451538;-0.074661;0.073118;-0.147814;0.151503;0.005091;0.006092
1613.913452;-0.07952;0.074448;-0.156355;0.153946;-0.001656;0.024804
1617.375732;-0.073979;0.072271;-0.149035;0.150257;0.042242;-0.023119
1620.838623;-0.076804;0.075397;-0.149656;0.155295;0.010953;-0.014403
1624.302124;-0.077593;0.075159;-0.150555;0.15399;-0.017288;0.016151
1627.765991;-0.082715;0.076548;-0.153058;0.156351;0.002904;-0.003247
1631.230591;-0.080923;0.07481;-0.149291;0.152935;-0.030513;0.027824
1634.695557;-0.081015;0.07721;-0.145929;0.157874;0.005766;-0.005759
1638.161011;-0.078555;0.077076;-0.146394;0.158011;0.037705;-0.0414
1641.627197;-0.083194;0.077151;-0.14964;0.156206;0.023209;-0.00955
1645.09375;-0.083527;0.078193;-0.149372;0.156075;0.045454;-0.016153
1648.560913;-0.089121;0.078112;-0.145173;0.157937;0.019084;-0.020449
1652.028564;-0.080071;0.078279;-0.135622;0.15752;0.013973;-0.034637
1655.496704;-0.089072;0.079434;-0.147303;0.160716;-0.0057;0.02356
1658.965454;-0.086776;0.0806;-0.143982;0.160117;-0.004918;0.003801
1662.43457;-0.089942;0.07992;-0.142544;0.159031;-0.047309;0.011023
1665.904297;-0.095813;0.081376;-0.149438;0.161502;0.018842;-0.002743
1669.374634;-0.092802;0.07961;-0.153986;0.159508;-0.02345;-0.011672
1672.845459;-0.092797;0.079975;-0.15127;0.160256;0.025229;-0.036567
1676.316772;-0.088318;0.080589;-0.147708;0.160874;-0.008296;-0.015377
1679.788696;-0.099913;0.081309;-0.149682;0.160426;-0.021172;0.00759
1683.261108;-0.099225;0.080926;-0.148645;0.160543;0.055856;-0.059833
1686.734009;-0.102773;0.079269;-0.128402;0.162447;0.006496;-0.038243
